datetime,open,high,low,close,volume,hold,symbol,period
2025-09-11 09:25:00,80090.0,80100.0,80090.0,80100.0,30,19365,CU2509,1
2025-09-11 09:26:00,80100.0,80100.0,80100.0,80100.0,0,19365,CU2509,1
2025-09-11 09:27:00,80100.0,80100.0,80100.0,80100.0,95,19310,CU2509,1
2025-09-11 09:28:00,80090.0,80090.0,80090.0,80090.0,120,19190,CU2509,1
2025-09-11 09:29:00,80090.0,80100.0,80090.0,80100.0,25,19190,CU2509,1
2025-09-11 09:30:00,80100.0,80100.0,80090.0,80090.0,20,19190,CU2509,1
2025-09-11 09:31:00,80120.0,80120.0,80090.0,80120.0,20,19170,CU2509,1
2025-09-11 09:32:00,80120.0,80120.0,80120.0,80120.0,20,19150,CU2509,1
2025-09-11 09:33:00,80120.0,80120.0,80090.0,80090.0,30,19125,CU2509,1
2025-09-11 09:34:00,80090.0,80090.0,80070.0,80080.0,75,19085,CU2509,1
2025-09-11 09:35:00,80080.0,80090.0,80080.0,80090.0,35,19065,CU2509,1
2025-09-11 09:36:00,80090.0,80090.0,80090.0,80090.0,5,19065,CU2509,1
2025-09-11 09:37:00,80080.0,80080.0,80070.0,80070.0,65,19010,CU2509,1
2025-09-11 09:38:00,80070.0,80070.0,80070.0,80070.0,50,18960,CU2509,1
2025-09-11 09:39:00,80070.0,80070.0,80060.0,80060.0,30,18940,CU2509,1
2025-09-11 09:40:00,80070.0,80070.0,80070.0,80070.0,20,18915,CU2509,1
2025-09-11 09:41:00,80070.0,80080.0,80070.0,80080.0,20,18915,CU2509,1
2025-09-11 09:42:00,80080.0,80090.0,80080.0,80090.0,85,18830,CU2509,1
2025-09-11 09:43:00,80090.0,80110.0,80090.0,80110.0,45,18785,CU2509,1
2025-09-11 09:44:00,80110.0,80120.0,80110.0,80120.0,40,18780,CU2509,1
2025-09-11 09:45:00,80120.0,80120.0,80120.0,80120.0,25,18755,CU2509,1
2025-09-11 09:47:00,80110.0,80110.0,80110.0,80110.0,25,18730,CU2509,1
2025-09-11 09:48:00,80110.0,80110.0,80110.0,80110.0,10,18710,CU2509,1
2025-09-11 09:49:00,80110.0,80110.0,80100.0,80100.0,50,18620,CU2509,1
2025-09-11 09:50:00,80100.0,80100.0,80080.0,80080.0,30,18615,CU2509,1
2025-09-11 09:51:00,80080.0,80080.0,80080.0,80080.0,20,18600,CU2509,1
2025-09-11 09:52:00,80090.0,80090.0,80080.0,80080.0,90,18560,CU2509,1
2025-09-11 09:53:00,80080.0,80090.0,80080.0,80080.0,40,18540,CU2509,1
2025-09-11 09:54:00,80080.0,80080.0,80080.0,80080.0,5,18535,CU2509,1
2025-09-11 09:55:00,80080.0,80080.0,80080.0,80080.0,25,18530,CU2509,1
2025-09-11 09:56:00,80080.0,80080.0,80080.0,80080.0,5,18525,CU2509,1
2025-09-11 09:57:00,80080.0,80080.0,80060.0,80060.0,50,18445,CU2509,1
2025-09-11 09:58:00,80060.0,80060.0,80060.0,80060.0,20,18445,CU2509,1
2025-09-11 10:00:00,80060.0,80100.0,80060.0,80100.0,25,18390,CU2509,1
2025-09-11 10:01:00,80100.0,80110.0,80100.0,80110.0,35,18310,CU2509,1
2025-09-11 10:02:00,80110.0,80120.0,80110.0,80120.0,5,18310,CU2509,1
2025-09-11 10:03:00,80120.0,80120.0,80110.0,80110.0,20,18305,CU2509,1
2025-09-11 10:04:00,80110.0,80110.0,80110.0,80110.0,30,18300,CU2509,1
2025-09-11 10:05:00,80110.0,80120.0,80110.0,80120.0,40,18300,CU2509,1
2025-09-11 10:06:00,80110.0,80110.0,80110.0,80110.0,30,18265,CU2509,1
2025-09-11 10:07:00,80110.0,80110.0,80090.0,80090.0,50,18215,CU2509,1
2025-09-11 10:08:00,80090.0,80090.0,80080.0,80080.0,5,18200,CU2509,1
2025-09-11 10:09:00,80080.0,80080.0,80080.0,80080.0,20,18150,CU2509,1
2025-09-11 10:10:00,80080.0,80080.0,80080.0,80080.0,0,18150,CU2509,1
2025-09-11 10:11:00,80080.0,80100.0,80080.0,80100.0,50,18150,CU2509,1
2025-09-11 10:12:00,80100.0,80100.0,80090.0,80100.0,45,18120,CU2509,1
2025-09-11 10:13:00,80100.0,80110.0,80090.0,80100.0,80,18060,CU2509,1
2025-09-11 10:14:00,80100.0,80110.0,80090.0,80110.0,30,18040,CU2509,1
2025-09-11 10:15:00,80090.0,80090.0,80090.0,80090.0,5,18035,CU2509,1
2025-09-11 10:31:00,80090.0,80120.0,80090.0,80120.0,30,18010,CU2509,1
2025-09-11 10:32:00,80120.0,80130.0,80120.0,80130.0,30,18000,CU2509,1
2025-09-11 10:33:00,80130.0,80130.0,80100.0,80100.0,75,17935,CU2509,1
2025-09-11 10:34:00,80100.0,80100.0,80090.0,80100.0,55,17880,CU2509,1
2025-09-11 10:35:00,80100.0,80100.0,80090.0,80090.0,75,17820,CU2509,1
2025-09-11 10:36:00,80090.0,80100.0,80090.0,80100.0,5,17795,CU2509,1
2025-09-11 10:37:00,80100.0,80110.0,80100.0,80110.0,10,17780,CU2509,1
2025-09-11 10:38:00,80110.0,80110.0,80110.0,80110.0,15,17765,CU2509,1
2025-09-11 10:39:00,80120.0,80120.0,80100.0,80100.0,105,17745,CU2509,1
2025-09-11 10:40:00,80100.0,80100.0,80100.0,80100.0,5,17740,CU2509,1
2025-09-11 10:41:00,80100.0,80100.0,80090.0,80090.0,50,17705,CU2509,1
2025-09-11 10:42:00,80090.0,80090.0,80080.0,80080.0,70,17660,CU2509,1
2025-09-11 10:43:00,80080.0,80090.0,80080.0,80080.0,35,17630,CU2509,1
2025-09-11 10:44:00,80080.0,80080.0,80070.0,80070.0,20,17600,CU2509,1
2025-09-11 10:45:00,80080.0,80080.0,80080.0,80080.0,55,17595,CU2509,1
2025-09-11 10:46:00,80080.0,80080.0,80080.0,80080.0,10,17595,CU2509,1
2025-09-11 10:47:00,80080.0,80090.0,80080.0,80090.0,80,17565,CU2509,1
2025-09-11 10:48:00,80090.0,80090.0,80080.0,80080.0,30,17555,CU2509,1
2025-09-11 10:49:00,80080.0,80080.0,80080.0,80080.0,5,17555,CU2509,1
2025-09-11 10:50:00,80080.0,80080.0,80080.0,80080.0,0,17555,CU2509,1
2025-09-11 10:51:00,80080.0,80090.0,80080.0,80090.0,50,17515,CU2509,1
2025-09-11 10:52:00,80090.0,80100.0,80090.0,80090.0,60,17455,CU2509,1
2025-09-11 10:53:00,80090.0,80090.0,80090.0,80090.0,0,17455,CU2509,1
2025-09-11 10:54:00,80090.0,80110.0,80090.0,80100.0,15,17440,CU2509,1
2025-09-11 10:55:00,80100.0,80110.0,80100.0,80110.0,10,17430,CU2509,1
2025-09-11 10:56:00,80110.0,80110.0,80100.0,80100.0,65,17415,CU2509,1
2025-09-11 10:57:00,80100.0,80100.0,80090.0,80090.0,85,17330,CU2509,1
2025-09-11 10:58:00,80090.0,80100.0,80090.0,80100.0,10,17320,CU2509,1
2025-09-11 10:59:00,80100.0,80100.0,80090.0,80090.0,60,17260,CU2509,1
2025-09-11 11:00:00,80090.0,80090.0,80090.0,80090.0,25,17245,CU2509,1
2025-09-11 11:01:00,80090.0,80100.0,80090.0,80100.0,30,17215,CU2509,1
2025-09-11 11:02:00,80100.0,80100.0,80100.0,80100.0,40,17195,CU2509,1
2025-09-11 11:03:00,80100.0,80110.0,80100.0,80110.0,45,17160,CU2509,1
2025-09-11 11:04:00,80110.0,80110.0,80110.0,80110.0,10,17150,CU2509,1
2025-09-11 11:05:00,80110.0,80110.0,80110.0,80110.0,5,17145,CU2509,1
2025-09-11 11:06:00,80110.0,80130.0,80110.0,80130.0,85,17140,CU2509,1
2025-09-11 11:07:00,80130.0,80130.0,80110.0,80110.0,80,17140,CU2509,1
2025-09-11 11:08:00,80110.0,80110.0,80110.0,80110.0,65,17135,CU2509,1
2025-09-11 11:09:00,80110.0,80130.0,80110.0,80130.0,80,17095,CU2509,1
2025-09-11 11:10:00,80130.0,80130.0,80130.0,80130.0,20,17070,CU2509,1
2025-09-11 11:11:00,80130.0,80150.0,80130.0,80150.0,10,17040,CU2509,1
2025-09-11 11:12:00,80150.0,80150.0,80150.0,80150.0,20,17040,CU2509,1
2025-09-11 11:13:00,80150.0,80150.0,80150.0,80150.0,0,17040,CU2509,1
2025-09-11 11:14:00,80150.0,80170.0,80150.0,80170.0,25,17015,CU2509,1
2025-09-11 11:15:00,80170.0,80170.0,80170.0,80170.0,25,16990,CU2509,1
2025-09-11 11:16:00,80170.0,80170.0,80160.0,80160.0,25,16990,CU2509,1
2025-09-11 11:17:00,80160.0,80160.0,80150.0,80150.0,5,16990,CU2509,1
2025-09-11 11:18:00,80160.0,80160.0,80160.0,80160.0,20,16990,CU2509,1
2025-09-11 11:19:00,80160.0,80160.0,80160.0,80160.0,15,16990,CU2509,1
2025-09-11 11:20:00,80160.0,80160.0,80160.0,80160.0,10,16980,CU2509,1
2025-09-11 11:21:00,80160.0,80160.0,80130.0,80150.0,40,16980,CU2509,1
2025-09-11 11:22:00,80150.0,80150.0,80150.0,80150.0,30,16960,CU2509,1
2025-09-11 11:23:00,80150.0,80150.0,80150.0,80150.0,10,16960,CU2509,1
2025-09-11 11:24:00,80150.0,80150.0,80140.0,80150.0,55,16940,CU2509,1
2025-09-11 11:25:00,80150.0,80150.0,80140.0,80140.0,40,16940,CU2509,1
2025-09-11 11:26:00,80140.0,80140.0,80140.0,80140.0,0,16940,CU2509,1
2025-09-11 11:27:00,80140.0,80140.0,80130.0,80130.0,30,16910,CU2509,1
2025-09-11 11:28:00,80130.0,80130.0,80130.0,80130.0,30,16880,CU2509,1
2025-09-11 11:29:00,80130.0,80130.0,80130.0,80130.0,25,16860,CU2509,1
2025-09-11 11:30:00,80130.0,80140.0,80130.0,80140.0,20,16840,CU2509,1
2025-09-11 13:31:00,80130.0,80130.0,80060.0,80090.0,15,16760,CU2509,1
2025-09-11 13:32:00,80090.0,80090.0,80080.0,80080.0,15,16730,CU2509,1
2025-09-11 13:33:00,80080.0,80080.0,80070.0,80070.0,20,16675,CU2509,1
2025-09-11 13:34:00,80060.0,80070.0,80060.0,80070.0,5,16645,CU2509,1
2025-09-11 13:35:00,80070.0,80070.0,80070.0,80070.0,20,16635,CU2509,1
2025-09-11 13:36:00,80060.0,80070.0,80060.0,80070.0,5,16625,CU2509,1
2025-09-11 13:37:00,80070.0,80070.0,80070.0,80070.0,5,16615,CU2509,1
2025-09-11 13:38:00,80070.0,80080.0,80070.0,80080.0,5,16575,CU2509,1
2025-09-11 13:39:00,80080.0,80080.0,80080.0,80080.0,15,16550,CU2509,1
2025-09-11 13:40:00,80080.0,80080.0,80080.0,80080.0,5,16545,CU2509,1
2025-09-11 13:41:00,80090.0,80090.0,80090.0,80090.0,0,16550,CU2509,1
2025-09-11 13:42:00,80090.0,80100.0,80090.0,80090.0,120,16435,CU2509,1
2025-09-11 13:43:00,80090.0,80100.0,80090.0,80090.0,50,16400,CU2509,1
2025-09-11 13:44:00,80080.0,80080.0,80070.0,80080.0,55,16375,CU2509,1
2025-09-11 13:45:00,80080.0,80080.0,80080.0,80080.0,0,16375,CU2509,1
2025-09-11 13:46:00,80080.0,80080.0,80070.0,80070.0,35,16375,CU2509,1
2025-09-11 13:47:00,80070.0,80070.0,80070.0,80070.0,0,16375,CU2509,1
2025-09-11 13:48:00,80070.0,80090.0,80070.0,80090.0,15,16340,CU2509,1
2025-09-11 13:49:00,80090.0,80110.0,80090.0,80110.0,5,16335,CU2509,1
2025-09-11 13:50:00,80110.0,80110.0,80110.0,80110.0,45,16290,CU2509,1
2025-09-11 13:51:00,80110.0,80110.0,80110.0,80110.0,10,16225,CU2509,1
2025-09-11 13:52:00,80110.0,80120.0,80110.0,80120.0,5,16185,CU2509,1
2025-09-11 13:53:00,80120.0,80120.0,80110.0,80110.0,55,16175,CU2509,1
2025-09-11 13:54:00,80110.0,80110.0,80110.0,80110.0,60,16175,CU2509,1
2025-09-11 13:55:00,80120.0,80120.0,80100.0,80100.0,200,16130,CU2509,1
2025-09-11 13:56:00,80100.0,80110.0,80080.0,80080.0,10,16125,CU2509,1
2025-09-11 13:57:00,80080.0,80080.0,80060.0,80060.0,15,16110,CU2509,1
2025-09-11 13:58:00,80060.0,80060.0,80060.0,80060.0,0,16110,CU2509,1
2025-09-11 13:59:00,80060.0,80070.0,80050.0,80050.0,90,16020,CU2509,1
2025-09-11 14:00:00,80050.0,80050.0,80050.0,80050.0,5,15995,CU2509,1
2025-09-11 14:01:00,80060.0,80060.0,80050.0,80060.0,30,15985,CU2509,1
2025-09-11 14:02:00,80070.0,80070.0,80070.0,80070.0,5,15965,CU2509,1
2025-09-11 14:03:00,80070.0,80070.0,80040.0,80040.0,130,15890,CU2509,1
2025-09-11 14:04:00,80040.0,80050.0,80040.0,80040.0,25,15890,CU2509,1
2025-09-11 14:05:00,80040.0,80040.0,80040.0,80040.0,5,15890,CU2509,1
2025-09-11 14:06:00,80040.0,80040.0,80040.0,80040.0,0,15890,CU2509,1
2025-09-11 14:07:00,80040.0,80040.0,80030.0,80040.0,15,15880,CU2509,1
2025-09-11 14:08:00,80040.0,80040.0,80040.0,80040.0,20,15860,CU2509,1
2025-09-11 14:09:00,80040.0,80040.0,80040.0,80040.0,215,15670,CU2509,1
2025-09-11 14:10:00,80040.0,80040.0,80010.0,80030.0,160,15560,CU2509,1
2025-09-11 14:11:00,80030.0,80040.0,80020.0,80030.0,65,15510,CU2509,1
2025-09-11 14:12:00,80040.0,80060.0,80040.0,80060.0,15,15485,CU2509,1
2025-09-11 14:14:00,80060.0,80060.0,80060.0,80060.0,20,15465,CU2509,1
2025-09-11 14:15:00,80060.0,80060.0,80060.0,80060.0,20,15445,CU2509,1
2025-09-11 14:16:00,80060.0,80060.0,80040.0,80050.0,120,15305,CU2509,1
2025-09-11 14:17:00,80050.0,80050.0,80040.0,80050.0,30,15245,CU2509,1
2025-09-11 14:18:00,80050.0,80050.0,80040.0,80050.0,85,15190,CU2509,1
2025-09-11 14:19:00,80050.0,80050.0,80050.0,80050.0,185,15005,CU2509,1
2025-09-11 14:20:00,80050.0,80050.0,80050.0,80050.0,170,14840,CU2509,1
2025-09-11 14:21:00,80050.0,80070.0,80050.0,80070.0,35,14815,CU2509,1
2025-09-11 14:22:00,80070.0,80080.0,80070.0,80080.0,25,14770,CU2509,1
2025-09-11 14:23:00,80080.0,80110.0,80080.0,80110.0,75,14695,CU2509,1
2025-09-11 14:24:00,80110.0,80110.0,80100.0,80110.0,45,14685,CU2509,1
2025-09-11 14:25:00,80110.0,80110.0,80100.0,80100.0,5,14680,CU2509,1
2025-09-11 14:26:00,80100.0,80100.0,80090.0,80090.0,5,14680,CU2509,1
2025-09-11 14:27:00,80090.0,80100.0,80090.0,80100.0,50,14650,CU2509,1
2025-09-11 14:28:00,80100.0,80100.0,80080.0,80090.0,10,14630,CU2509,1
2025-09-11 14:29:00,80090.0,80090.0,80090.0,80090.0,20,14610,CU2509,1
2025-09-11 14:30:00,80100.0,80100.0,80090.0,80090.0,40,14605,CU2509,1
2025-09-11 14:31:00,80090.0,80120.0,80090.0,80120.0,40,14590,CU2509,1
2025-09-11 14:32:00,80110.0,80120.0,80110.0,80120.0,10,14580,CU2509,1
2025-09-11 14:33:00,80120.0,80140.0,80120.0,80140.0,45,14540,CU2509,1
2025-09-11 14:34:00,80140.0,80150.0,80130.0,80150.0,25,14520,CU2509,1
2025-09-11 14:35:00,80150.0,80150.0,80140.0,80140.0,5,14495,CU2509,1
2025-09-11 14:36:00,80140.0,80140.0,80140.0,80140.0,0,14495,CU2509,1
2025-09-11 14:37:00,80140.0,80170.0,80140.0,80170.0,40,14455,CU2509,1
2025-09-11 14:38:00,80170.0,80170.0,80160.0,80160.0,20,14435,CU2509,1
2025-09-11 14:39:00,80160.0,80170.0,80160.0,80170.0,50,14450,CU2509,1
2025-09-11 14:40:00,80170.0,80190.0,80170.0,80190.0,30,14425,CU2509,1
2025-09-11 14:41:00,80190.0,80200.0,80180.0,80200.0,15,14420,CU2509,1
2025-09-11 14:42:00,80200.0,80200.0,80180.0,80180.0,25,14395,CU2509,1
2025-09-11 14:43:00,80180.0,80180.0,80160.0,80170.0,15,14380,CU2509,1
2025-09-11 14:44:00,80170.0,80170.0,80160.0,80170.0,5,14360,CU2509,1
2025-09-11 14:45:00,80170.0,80170.0,80160.0,80160.0,15,14350,CU2509,1
2025-09-11 14:46:00,80160.0,80160.0,80140.0,80140.0,35,14300,CU2509,1
2025-09-11 14:47:00,80140.0,80150.0,80140.0,80150.0,20,14280,CU2509,1
2025-09-11 14:48:00,80150.0,80150.0,80150.0,80150.0,0,14280,CU2509,1
2025-09-11 14:49:00,80150.0,80160.0,80150.0,80160.0,10,14270,CU2509,1
2025-09-11 14:50:00,80150.0,80150.0,80150.0,80150.0,45,14235,CU2509,1
2025-09-11 14:51:00,80150.0,80150.0,80140.0,80140.0,30,14215,CU2509,1
2025-09-11 14:52:00,80140.0,80180.0,80140.0,80180.0,10,14210,CU2509,1
2025-09-11 14:53:00,80200.0,80200.0,80200.0,80200.0,5,14205,CU2509,1
2025-09-11 14:54:00,80200.0,80200.0,80200.0,80200.0,15,14200,CU2509,1
2025-09-11 14:55:00,80200.0,80210.0,80200.0,80210.0,20,14185,CU2509,1
2025-09-11 14:56:00,80210.0,80210.0,80190.0,80190.0,35,14160,CU2509,1
2025-09-11 14:57:00,80190.0,80190.0,80180.0,80180.0,15,14145,CU2509,1
2025-09-11 14:58:00,80180.0,80180.0,80170.0,80170.0,5,14140,CU2509,1
2025-09-11 14:59:00,80170.0,80170.0,80170.0,80170.0,0,14140,CU2509,1
2025-09-11 15:00:00,80170.0,80180.0,80160.0,80160.0,10,14135,CU2509,1
2025-09-11 21:04:00,80320.0,80320.0,80320.0,80320.0,5,14130,CU2509,1
2025-09-11 21:05:00,80300.0,80320.0,80300.0,80300.0,10,14120,CU2509,1
2025-09-11 21:06:00,80300.0,80300.0,80300.0,80300.0,0,14120,CU2509,1
2025-09-11 21:07:00,80300.0,80300.0,80300.0,80300.0,0,14120,CU2509,1
2025-09-11 21:08:00,80300.0,80300.0,80300.0,80300.0,0,14120,CU2509,1
2025-09-11 21:09:00,80300.0,80300.0,80300.0,80300.0,0,14120,CU2509,1
2025-09-11 21:10:00,80300.0,80300.0,80300.0,80300.0,0,14120,CU2509,1
2025-09-11 21:11:00,80300.0,80300.0,80300.0,80300.0,0,14120,CU2509,1
2025-09-11 21:12:00,80300.0,80300.0,80300.0,80300.0,0,14120,CU2509,1
2025-09-11 21:13:00,80300.0,80300.0,80300.0,80300.0,0,14120,CU2509,1
2025-09-11 21:14:00,80300.0,80300.0,80300.0,80300.0,0,14120,CU2509,1
2025-09-11 21:15:00,80300.0,80300.0,80300.0,80300.0,0,14120,CU2509,1
2025-09-11 21:16:00,80300.0,80300.0,80300.0,80300.0,0,14120,CU2509,1
2025-09-11 21:17:00,80300.0,80300.0,80300.0,80300.0,0,14120,CU2509,1
2025-09-11 21:18:00,80300.0,80300.0,80300.0,80300.0,0,14120,CU2509,1
2025-09-11 21:19:00,80180.0,80300.0,80180.0,80180.0,10,14110,CU2509,1
2025-09-11 21:20:00,80180.0,80220.0,80180.0,80220.0,30,14080,CU2509,1
2025-09-11 21:21:00,80220.0,80220.0,80220.0,80220.0,0,14080,CU2509,1
2025-09-11 21:22:00,80220.0,80220.0,80220.0,80220.0,0,14080,CU2509,1
2025-09-11 21:23:00,80220.0,80220.0,80220.0,80220.0,0,14080,CU2509,1
2025-09-11 21:24:00,80230.0,80230.0,80220.0,80230.0,5,14075,CU2509,1
2025-09-11 21:25:00,80230.0,80230.0,80230.0,80230.0,0,14075,CU2509,1
2025-09-11 21:26:00,80180.0,80230.0,80180.0,80180.0,10,14065,CU2509,1
2025-09-11 21:27:00,80180.0,80180.0,80180.0,80180.0,35,14030,CU2509,1
2025-09-11 21:28:00,80150.0,80180.0,80150.0,80150.0,15,14020,CU2509,1
2025-09-11 21:29:00,80160.0,80160.0,80150.0,80160.0,25,13995,CU2509,1
2025-09-11 21:30:00,80160.0,80160.0,80130.0,80130.0,5,13990,CU2509,1
2025-09-11 21:31:00,80130.0,80130.0,80130.0,80130.0,0,13990,CU2509,1
2025-09-11 21:32:00,80130.0,80130.0,80130.0,80130.0,0,13990,CU2509,1
2025-09-11 21:33:00,80130.0,80160.0,80130.0,80160.0,10,13980,CU2509,1
2025-09-11 21:34:00,80160.0,80160.0,80160.0,80160.0,0,13980,CU2509,1
2025-09-11 21:35:00,80160.0,80160.0,80160.0,80160.0,0,13980,CU2509,1
2025-09-11 21:36:00,80160.0,80160.0,80130.0,80130.0,20,13960,CU2509,1
2025-09-11 21:37:00,80130.0,80130.0,80130.0,80130.0,0,13960,CU2509,1
2025-09-11 21:38:00,80130.0,80130.0,80090.0,80090.0,40,13920,CU2509,1
2025-09-11 21:39:00,80090.0,80090.0,80090.0,80090.0,0,13920,CU2509,1
2025-09-11 21:40:00,80090.0,80090.0,80090.0,80090.0,0,13920,CU2509,1
2025-09-11 21:41:00,80090.0,80090.0,80090.0,80090.0,0,13920,CU2509,1
2025-09-11 21:42:00,80160.0,80160.0,80090.0,80160.0,5,13920,CU2509,1
2025-09-11 21:43:00,80160.0,80170.0,80160.0,80170.0,5,13915,CU2509,1
2025-09-11 21:44:00,80170.0,80170.0,80170.0,80170.0,0,13915,CU2509,1
2025-09-11 21:45:00,80170.0,80180.0,80170.0,80180.0,10,13905,CU2509,1
2025-09-11 21:46:00,80180.0,80180.0,80180.0,80180.0,0,13905,CU2509,1
2025-09-11 21:47:00,80180.0,80180.0,80180.0,80180.0,0,13905,CU2509,1
2025-09-11 21:48:00,80180.0,80180.0,80180.0,80180.0,0,13905,CU2509,1
2025-09-11 21:49:00,80180.0,80180.0,80180.0,80180.0,0,13905,CU2509,1
2025-09-11 21:50:00,80180.0,80180.0,80180.0,80180.0,0,13905,CU2509,1
2025-09-11 21:51:00,80180.0,80180.0,80180.0,80180.0,0,13905,CU2509,1
2025-09-11 21:52:00,80180.0,80180.0,80180.0,80180.0,0,13905,CU2509,1
2025-09-11 21:53:00,80180.0,80180.0,80180.0,80180.0,0,13905,CU2509,1
2025-09-11 21:54:00,80180.0,80180.0,80180.0,80180.0,0,13905,CU2509,1
2025-09-11 21:55:00,80180.0,80180.0,80180.0,80180.0,0,13905,CU2509,1
2025-09-11 21:56:00,80180.0,80280.0,80180.0,80280.0,5,13900,CU2509,1
2025-09-11 21:57:00,80280.0,80280.0,80280.0,80280.0,0,13900,CU2509,1
2025-09-11 21:58:00,80280.0,80280.0,80280.0,80280.0,0,13900,CU2509,1
2025-09-11 21:59:00,80280.0,80280.0,80280.0,80280.0,10,13890,CU2509,1
2025-09-11 22:00:00,80280.0,80280.0,80280.0,80280.0,0,13890,CU2509,1
2025-09-11 22:01:00,80280.0,80280.0,80280.0,80280.0,0,13890,CU2509,1
2025-09-11 22:02:00,80350.0,80350.0,80280.0,80350.0,15,13880,CU2509,1
2025-09-11 22:03:00,80350.0,80350.0,80350.0,80350.0,0,13880,CU2509,1
2025-09-11 22:04:00,80350.0,80350.0,80350.0,80350.0,0,13880,CU2509,1
2025-09-11 22:05:00,80350.0,80350.0,80350.0,80350.0,0,13880,CU2509,1
2025-09-11 22:06:00,80350.0,80350.0,80350.0,80350.0,0,13880,CU2509,1
2025-09-11 22:07:00,80350.0,80350.0,80350.0,80350.0,0,13880,CU2509,1
2025-09-11 22:08:00,80350.0,80350.0,80350.0,80350.0,0,13880,CU2509,1
2025-09-11 22:09:00,80350.0,80350.0,80350.0,80350.0,0,13880,CU2509,1
2025-09-11 22:10:00,80350.0,80350.0,80350.0,80350.0,0,13880,CU2509,1
2025-09-11 22:11:00,80350.0,80350.0,80350.0,80350.0,0,13880,CU2509,1
2025-09-11 22:12:00,80350.0,80350.0,80350.0,80350.0,0,13880,CU2509,1
2025-09-11 22:13:00,80350.0,80350.0,80350.0,80350.0,0,13880,CU2509,1
2025-09-11 22:14:00,80350.0,80350.0,80350.0,80350.0,0,13880,CU2509,1
2025-09-11 22:15:00,80350.0,80350.0,80350.0,80350.0,0,13880,CU2509,1
2025-09-11 22:16:00,80350.0,80350.0,80350.0,80350.0,0,13880,CU2509,1
2025-09-11 22:17:00,80350.0,80350.0,80350.0,80350.0,0,13880,CU2509,1
2025-09-11 22:18:00,80350.0,80350.0,80350.0,80350.0,0,13880,CU2509,1
2025-09-11 22:19:00,80350.0,80350.0,80350.0,80350.0,0,13880,CU2509,1
2025-09-11 22:20:00,80350.0,80350.0,80350.0,80350.0,0,13880,CU2509,1
2025-09-11 22:21:00,80350.0,80350.0,80350.0,80350.0,0,13880,CU2509,1
2025-09-11 22:22:00,80350.0,80350.0,80350.0,80350.0,0,13880,CU2509,1
2025-09-11 22:23:00,80350.0,80350.0,80350.0,80350.0,0,13880,CU2509,1
2025-09-11 22:24:00,80350.0,80380.0,80350.0,80380.0,15,13865,CU2509,1
2025-09-11 22:25:00,80410.0,80410.0,80410.0,80410.0,15,13840,CU2509,1
2025-09-11 22:26:00,80410.0,80410.0,80410.0,80410.0,0,13840,CU2509,1
2025-09-11 22:27:00,80410.0,80410.0,80410.0,80410.0,0,13840,CU2509,1
2025-09-11 22:28:00,80410.0,80410.0,80410.0,80410.0,0,13840,CU2509,1
2025-09-11 22:29:00,80410.0,80410.0,80410.0,80410.0,0,13840,CU2509,1
2025-09-11 22:30:00,80410.0,80410.0,80410.0,80410.0,0,13840,CU2509,1
2025-09-11 22:31:00,80410.0,80410.0,80410.0,80410.0,0,13840,CU2509,1
2025-09-11 22:32:00,80410.0,80410.0,80410.0,80410.0,0,13840,CU2509,1
2025-09-11 22:33:00,80410.0,80410.0,80410.0,80410.0,0,13840,CU2509,1
2025-09-11 22:34:00,80410.0,80410.0,80410.0,80410.0,30,13805,CU2509,1
2025-09-11 22:35:00,80410.0,80410.0,80410.0,80410.0,0,13805,CU2509,1
2025-09-11 22:36:00,80410.0,80410.0,80410.0,80410.0,0,13805,CU2509,1
2025-09-11 22:37:00,80410.0,80410.0,80410.0,80410.0,0,13805,CU2509,1
2025-09-11 22:38:00,80410.0,80410.0,80410.0,80410.0,0,13805,CU2509,1
2025-09-11 22:39:00,80410.0,80410.0,80410.0,80410.0,0,13805,CU2509,1
2025-09-11 22:40:00,80410.0,80420.0,80410.0,80420.0,15,13790,CU2509,1
2025-09-11 22:41:00,80420.0,80420.0,80410.0,80410.0,10,13790,CU2509,1
2025-09-11 22:42:00,80410.0,80410.0,80410.0,80410.0,0,13790,CU2509,1
2025-09-11 22:43:00,80410.0,80410.0,80410.0,80410.0,0,13790,CU2509,1
2025-09-11 22:44:00,80410.0,80410.0,80410.0,80410.0,0,13790,CU2509,1
2025-09-11 22:45:00,80410.0,80410.0,80380.0,80380.0,20,13770,CU2509,1
2025-09-11 22:46:00,80380.0,80380.0,80380.0,80380.0,20,13750,CU2509,1
2025-09-11 22:47:00,80380.0,80380.0,80380.0,80380.0,0,13750,CU2509,1
2025-09-11 22:48:00,80380.0,80380.0,80380.0,80380.0,0,13750,CU2509,1
2025-09-11 22:49:00,80380.0,80380.0,80380.0,80380.0,0,13750,CU2509,1
2025-09-11 22:50:00,80380.0,80380.0,80380.0,80380.0,0,13750,CU2509,1
2025-09-11 22:51:00,80380.0,80380.0,80380.0,80380.0,0,13750,CU2509,1
2025-09-11 22:52:00,80380.0,80380.0,80380.0,80380.0,0,13750,CU2509,1
2025-09-11 22:53:00,80400.0,80410.0,80400.0,80410.0,5,13745,CU2509,1
2025-09-11 22:54:00,80410.0,80410.0,80390.0,80390.0,5,13740,CU2509,1
2025-09-11 22:55:00,80390.0,80390.0,80390.0,80390.0,0,13740,CU2509,1
2025-09-11 22:56:00,80390.0,80390.0,80390.0,80390.0,0,13740,CU2509,1
2025-09-11 22:57:00,80390.0,80390.0,80390.0,80390.0,0,13740,CU2509,1
2025-09-11 22:58:00,80390.0,80390.0,80390.0,80390.0,0,13740,CU2509,1
2025-09-11 22:59:00,80390.0,80400.0,80390.0,80400.0,10,13740,CU2509,1
2025-09-11 23:00:00,80400.0,80410.0,80400.0,80410.0,5,13740,CU2509,1
2025-09-11 23:01:00,80390.0,80410.0,80390.0,80390.0,5,13740,CU2509,1
2025-09-11 23:02:00,80390.0,80390.0,80390.0,80390.0,5,13740,CU2509,1
2025-09-11 23:03:00,80390.0,80390.0,80390.0,80390.0,0,13740,CU2509,1
2025-09-11 23:04:00,80390.0,80390.0,80390.0,80390.0,0,13740,CU2509,1
2025-09-11 23:05:00,80390.0,80390.0,80390.0,80390.0,0,13740,CU2509,1
2025-09-11 23:06:00,80390.0,80390.0,80390.0,80390.0,0,13740,CU2509,1
2025-09-11 23:07:00,80390.0,80410.0,80390.0,80410.0,20,13730,CU2509,1
2025-09-11 23:08:00,80410.0,80410.0,80410.0,80410.0,0,13730,CU2509,1
2025-09-11 23:09:00,80410.0,80460.0,80410.0,80460.0,15,13715,CU2509,1
2025-09-11 23:10:00,80460.0,80460.0,80460.0,80460.0,0,13715,CU2509,1
2025-09-11 23:11:00,80460.0,80460.0,80460.0,80460.0,0,13715,CU2509,1
2025-09-11 23:12:00,80460.0,80460.0,80460.0,80460.0,0,13715,CU2509,1
2025-09-11 23:13:00,80460.0,80460.0,80460.0,80460.0,0,13715,CU2509,1
2025-09-11 23:14:00,80460.0,80460.0,80460.0,80460.0,0,13715,CU2509,1
2025-09-11 23:18:00,80460.0,80460.0,80450.0,80450.0,5,13710,CU2509,1
2025-09-11 23:19:00,80450.0,80450.0,80450.0,80450.0,0,13710,CU2509,1
2025-09-11 23:20:00,80450.0,80450.0,80450.0,80450.0,0,13710,CU2509,1
2025-09-11 23:21:00,80450.0,80450.0,80450.0,80450.0,0,13710,CU2509,1
2025-09-11 23:22:00,80450.0,80450.0,80450.0,80450.0,0,13710,CU2509,1
2025-09-11 23:23:00,80450.0,80450.0,80450.0,80450.0,0,13710,CU2509,1
2025-09-11 23:24:00,80450.0,80450.0,80450.0,80450.0,0,13710,CU2509,1
2025-09-11 23:25:00,80450.0,80450.0,80450.0,80450.0,0,13710,CU2509,1
2025-09-11 23:26:00,80450.0,80450.0,80450.0,80450.0,0,13710,CU2509,1
2025-09-11 23:27:00,80450.0,80450.0,80450.0,80450.0,0,13710,CU2509,1
2025-09-11 23:28:00,80450.0,80450.0,80450.0,80450.0,0,13710,CU2509,1
2025-09-11 23:29:00,80450.0,80450.0,80450.0,80450.0,0,13710,CU2509,1
2025-09-11 23:30:00,80450.0,80450.0,80450.0,80450.0,0,13710,CU2509,1
2025-09-11 23:31:00,80450.0,80450.0,80450.0,80450.0,0,13710,CU2509,1
2025-09-11 23:32:00,80450.0,80450.0,80450.0,80450.0,0,13710,CU2509,1
2025-09-11 23:33:00,80450.0,80450.0,80450.0,80450.0,0,13710,CU2509,1
2025-09-11 23:34:00,80450.0,80450.0,80450.0,80450.0,0,13710,CU2509,1
2025-09-11 23:35:00,80450.0,80450.0,80450.0,80450.0,0,13710,CU2509,1
2025-09-11 23:36:00,80450.0,80450.0,80450.0,80450.0,0,13710,CU2509,1
2025-09-11 23:37:00,80450.0,80450.0,80450.0,80450.0,0,13710,CU2509,1
2025-09-11 23:38:00,80450.0,80450.0,80450.0,80450.0,0,13710,CU2509,1
2025-09-11 23:39:00,80450.0,80450.0,80450.0,80450.0,0,13710,CU2509,1
2025-09-11 23:40:00,80450.0,80500.0,80450.0,80500.0,20,13695,CU2509,1
2025-09-11 23:41:00,80500.0,80500.0,80500.0,80500.0,0,13695,CU2509,1
2025-09-11 23:42:00,80500.0,80500.0,80500.0,80500.0,0,13695,CU2509,1
2025-09-11 23:43:00,80500.0,80500.0,80500.0,80500.0,0,13695,CU2509,1
2025-09-11 23:44:00,80500.0,80500.0,80500.0,80500.0,0,13695,CU2509,1
2025-09-11 23:45:00,80500.0,80500.0,80500.0,80500.0,0,13695,CU2509,1
2025-09-11 23:46:00,80500.0,80500.0,80500.0,80500.0,0,13695,CU2509,1
2025-09-11 23:47:00,80500.0,80500.0,80500.0,80500.0,0,13695,CU2509,1
2025-09-11 23:48:00,80500.0,80500.0,80500.0,80500.0,0,13695,CU2509,1
2025-09-11 23:49:00,80500.0,80500.0,80500.0,80500.0,0,13695,CU2509,1
2025-09-11 23:50:00,80500.0,80500.0,80500.0,80500.0,0,13695,CU2509,1
2025-09-11 23:51:00,80500.0,80500.0,80500.0,80500.0,0,13695,CU2509,1
2025-09-11 23:52:00,80500.0,80500.0,80500.0,80500.0,0,13695,CU2509,1
2025-09-11 23:53:00,80500.0,80500.0,80500.0,80500.0,0,13695,CU2509,1
2025-09-11 23:54:00,80500.0,80500.0,80500.0,80500.0,0,13695,CU2509,1
2025-09-11 23:55:00,80500.0,80500.0,80500.0,80500.0,0,13695,CU2509,1
2025-09-11 23:56:00,80500.0,80500.0,80500.0,80500.0,0,13695,CU2509,1
2025-09-11 23:57:00,80500.0,80500.0,80500.0,80500.0,0,13695,CU2509,1
2025-09-11 23:58:00,80500.0,80500.0,80500.0,80500.0,0,13695,CU2509,1
2025-09-11 23:59:00,80500.0,80500.0,80500.0,80500.0,0,13695,CU2509,1
2025-09-12 00:00:00,80500.0,80500.0,80500.0,80500.0,0,13695,CU2509,1
2025-09-12 00:01:00,80500.0,80500.0,80500.0,80500.0,0,13695,CU2509,1
2025-09-12 00:02:00,80500.0,80500.0,80500.0,80500.0,0,13695,CU2509,1
2025-09-12 00:03:00,80500.0,80500.0,80500.0,80500.0,0,13695,CU2509,1
2025-09-12 00:07:00,80500.0,80500.0,80500.0,80500.0,0,13695,CU2509,1
2025-09-12 00:08:00,80500.0,80500.0,80500.0,80500.0,0,13695,CU2509,1
2025-09-12 00:09:00,80500.0,80500.0,80500.0,80500.0,0,13695,CU2509,1
2025-09-12 00:10:00,80500.0,80500.0,80500.0,80500.0,0,13695,CU2509,1
2025-09-12 00:11:00,80500.0,80500.0,80500.0,80500.0,0,13695,CU2509,1
2025-09-12 00:12:00,80500.0,80500.0,80500.0,80500.0,0,13695,CU2509,1
2025-09-12 00:13:00,80500.0,80500.0,80500.0,80500.0,0,13695,CU2509,1
2025-09-12 00:14:00,80500.0,80500.0,80500.0,80500.0,0,13695,CU2509,1
2025-09-12 00:15:00,80500.0,80500.0,80500.0,80500.0,0,13695,CU2509,1
2025-09-12 00:16:00,80500.0,80500.0,80500.0,80500.0,0,13695,CU2509,1
2025-09-12 00:18:00,80500.0,80500.0,80500.0,80500.0,0,13695,CU2509,1
2025-09-12 00:19:00,80500.0,80500.0,80500.0,80500.0,0,13695,CU2509,1
2025-09-12 00:20:00,80500.0,80500.0,80500.0,80500.0,0,13695,CU2509,1
2025-09-12 00:21:00,80500.0,80500.0,80500.0,80500.0,0,13695,CU2509,1
2025-09-12 00:22:00,80500.0,80500.0,80500.0,80500.0,0,13695,CU2509,1
2025-09-12 00:23:00,80500.0,80500.0,80500.0,80500.0,0,13695,CU2509,1
2025-09-12 00:32:00,80500.0,80500.0,80500.0,80500.0,0,13695,CU2509,1
2025-09-12 00:33:00,80500.0,80500.0,80500.0,80500.0,0,13695,CU2509,1
2025-09-12 00:34:00,80500.0,80500.0,80500.0,80500.0,0,13695,CU2509,1
2025-09-12 00:35:00,80500.0,80500.0,80500.0,80500.0,0,13695,CU2509,1
2025-09-12 00:36:00,80500.0,80500.0,80500.0,80500.0,0,13695,CU2509,1
2025-09-12 00:37:00,80500.0,80500.0,80500.0,80500.0,0,13695,CU2509,1
2025-09-12 00:38:00,80500.0,80500.0,80500.0,80500.0,0,13695,CU2509,1
2025-09-12 00:39:00,80500.0,80500.0,80500.0,80500.0,0,13695,CU2509,1
2025-09-12 00:40:00,80500.0,80500.0,80500.0,80500.0,0,13695,CU2509,1
2025-09-12 00:41:00,80500.0,80500.0,80500.0,80500.0,0,13695,CU2509,1
2025-09-12 00:42:00,80500.0,80500.0,80500.0,80500.0,0,13695,CU2509,1
2025-09-12 00:43:00,80500.0,80500.0,80500.0,80500.0,0,13695,CU2509,1
2025-09-12 00:44:00,80500.0,80500.0,80500.0,80500.0,0,13695,CU2509,1
2025-09-12 00:45:00,80500.0,80500.0,80500.0,80500.0,0,13695,CU2509,1
2025-09-12 00:46:00,80500.0,80500.0,80500.0,80500.0,0,13695,CU2509,1
2025-09-12 00:48:00,80500.0,80500.0,80500.0,80500.0,0,13695,CU2509,1
2025-09-12 00:49:00,80500.0,80500.0,80500.0,80500.0,0,13695,CU2509,1
2025-09-12 00:50:00,80500.0,80500.0,80500.0,80500.0,0,13695,CU2509,1
2025-09-12 00:51:00,80500.0,80500.0,80500.0,80500.0,0,13695,CU2509,1
2025-09-12 00:52:00,80500.0,80500.0,80500.0,80500.0,0,13695,CU2509,1
2025-09-12 00:53:00,80500.0,80500.0,80500.0,80500.0,0,13695,CU2509,1
2025-09-12 00:54:00,80500.0,80500.0,80500.0,80500.0,0,13695,CU2509,1
2025-09-12 00:56:00,80500.0,80500.0,80500.0,80500.0,0,13695,CU2509,1
2025-09-12 00:57:00,80500.0,80500.0,80500.0,80500.0,0,13695,CU2509,1
2025-09-12 00:58:00,80500.0,80500.0,80500.0,80500.0,0,13695,CU2509,1
2025-09-12 00:59:00,80500.0,80500.0,80500.0,80500.0,0,13695,CU2509,1
2025-09-12 01:00:00,80500.0,80500.0,80500.0,80500.0,0,13695,CU2509,1
2025-09-12 09:01:00,80500.0,80500.0,80500.0,80500.0,0,13695,CU2509,1
2025-09-12 09:02:00,80500.0,80500.0,80500.0,80500.0,105,13730,CU2509,1
2025-09-12 09:03:00,80500.0,80550.0,80500.0,80550.0,20,13715,CU2509,1
2025-09-12 09:04:00,80550.0,80550.0,80550.0,80550.0,40,13675,CU2509,1
2025-09-12 09:05:00,80550.0,80550.0,80530.0,80530.0,55,13620,CU2509,1
2025-09-12 09:06:00,80540.0,80550.0,80530.0,80550.0,20,13600,CU2509,1
2025-09-12 09:07:00,80550.0,80550.0,80520.0,80550.0,90,13550,CU2509,1
2025-09-12 09:08:00,80550.0,80630.0,80550.0,80630.0,40,13530,CU2509,1
2025-09-12 09:09:00,80630.0,80700.0,80630.0,80670.0,60,13470,CU2509,1
2025-09-12 09:10:00,80670.0,80760.0,80670.0,80750.0,150,13320,CU2509,1
2025-09-12 09:11:00,80750.0,80770.0,80710.0,80720.0,45,13275,CU2509,1
2025-09-12 09:12:00,80700.0,80700.0,80700.0,80700.0,30,13245,CU2509,1
2025-09-12 09:13:00,80720.0,80720.0,80700.0,80720.0,25,13220,CU2509,1
2025-09-12 09:14:00,80720.0,80770.0,80710.0,80770.0,50,13235,CU2509,1
2025-09-12 09:15:00,80770.0,80770.0,80750.0,80750.0,20,13215,CU2509,1
2025-09-12 09:16:00,80750.0,80750.0,80750.0,80750.0,40,13195,CU2509,1
2025-09-12 09:17:00,80750.0,80750.0,80750.0,80750.0,10,13190,CU2509,1
2025-09-12 09:18:00,80750.0,80750.0,80710.0,80720.0,55,13135,CU2509,1
2025-09-12 09:19:00,80770.0,80770.0,80720.0,80770.0,30,13105,CU2509,1
2025-09-12 09:20:00,80770.0,80770.0,80750.0,80750.0,5,13105,CU2509,1
2025-09-12 09:21:00,80750.0,80770.0,80750.0,80760.0,50,13090,CU2509,1
2025-09-12 09:22:00,80760.0,80770.0,80750.0,80750.0,40,13050,CU2509,1
2025-09-12 09:23:00,80750.0,80750.0,80710.0,80710.0,100,12950,CU2509,1
2025-09-12 09:24:00,80710.0,80710.0,80700.0,80700.0,95,12855,CU2509,1
2025-09-12 09:25:00,80700.0,80700.0,80680.0,80680.0,120,12735,CU2509,1
2025-09-12 09:26:00,80680.0,80680.0,80630.0,80630.0,225,12540,CU2509,1
2025-09-12 09:27:00,80630.0,80650.0,80620.0,80640.0,75,12460,CU2509,1
2025-09-12 09:28:00,80640.0,80650.0,80630.0,80630.0,115,12350,CU2509,1
2025-09-12 09:29:00,80630.0,80640.0,80630.0,80640.0,10,12340,CU2509,1
2025-09-12 09:30:00,80640.0,80640.0,80620.0,80620.0,30,12310,CU2509,1
2025-09-12 09:31:00,80620.0,80660.0,80620.0,80660.0,100,12235,CU2509,1
2025-09-12 09:32:00,80660.0,80670.0,80660.0,80660.0,40,12210,CU2509,1
2025-09-12 09:33:00,80660.0,80660.0,80650.0,80660.0,75,12155,CU2509,1
2025-09-12 09:34:00,80660.0,80660.0,80650.0,80650.0,75,12080,CU2509,1
2025-09-12 09:35:00,80650.0,80660.0,80620.0,80620.0,35,12045,CU2509,1
2025-09-12 09:36:00,80620.0,80620.0,80600.0,80600.0,120,11925,CU2509,1
2025-09-12 09:37:00,80600.0,80600.0,80600.0,80600.0,0,11925,CU2509,1
2025-09-12 09:38:00,80600.0,80600.0,80560.0,80560.0,60,11865,CU2509,1
2025-09-12 09:39:00,80590.0,80590.0,80560.0,80590.0,15,11850,CU2509,1
2025-09-12 09:40:00,80590.0,80590.0,80590.0,80590.0,55,11850,CU2509,1
2025-09-12 09:41:00,80590.0,80620.0,80590.0,80600.0,30,11825,CU2509,1
2025-09-12 09:42:00,80600.0,80600.0,80590.0,80600.0,15,11810,CU2509,1
2025-09-12 09:43:00,80600.0,80610.0,80600.0,80610.0,20,11820,CU2509,1
2025-09-12 09:44:00,80610.0,80610.0,80600.0,80600.0,55,11770,CU2509,1
2025-09-12 09:45:00,80600.0,80600.0,80580.0,80580.0,10,11760,CU2509,1
2025-09-12 09:46:00,80580.0,80580.0,80570.0,80570.0,10,11750,CU2509,1
2025-09-12 09:47:00,80570.0,80570.0,80560.0,80560.0,10,11735,CU2509,1
2025-09-12 09:48:00,80560.0,80590.0,80550.0,80570.0,55,11685,CU2509,1
2025-09-12 09:49:00,80570.0,80570.0,80560.0,80560.0,30,11655,CU2509,1
2025-09-12 09:50:00,80560.0,80560.0,80560.0,80560.0,10,11645,CU2509,1
2025-09-12 09:51:00,80560.0,80560.0,80560.0,80560.0,5,11640,CU2509,1
2025-09-12 09:52:00,80560.0,80570.0,80560.0,80570.0,5,11635,CU2509,1
2025-09-12 09:53:00,80560.0,80560.0,80560.0,80560.0,0,11620,CU2509,1
2025-09-12 09:54:00,80560.0,80570.0,80560.0,80560.0,40,11595,CU2509,1
2025-09-12 09:55:00,80560.0,80570.0,80560.0,80570.0,10,11585,CU2509,1
2025-09-12 09:56:00,80570.0,80580.0,80560.0,80580.0,50,11595,CU2509,1
2025-09-12 09:57:00,80580.0,80640.0,80580.0,80640.0,5,11590,CU2509,1
2025-09-12 09:58:00,80640.0,80640.0,80630.0,80630.0,10,11585,CU2509,1
2025-09-12 09:59:00,80630.0,80640.0,80630.0,80630.0,60,11590,CU2509,1
2025-09-12 10:00:00,80630.0,80630.0,80620.0,80620.0,100,11490,CU2509,1
2025-09-12 10:01:00,80620.0,80630.0,80620.0,80630.0,40,11450,CU2509,1
2025-09-12 10:02:00,80630.0,80630.0,80620.0,80620.0,80,11370,CU2509,1
2025-09-12 10:03:00,80630.0,80640.0,80630.0,80640.0,20,11340,CU2509,1
2025-09-12 10:04:00,80640.0,80650.0,80630.0,80640.0,95,11325,CU2509,1
2025-09-12 10:05:00,80640.0,80660.0,80640.0,80650.0,40,11290,CU2509,1
2025-09-12 10:06:00,80660.0,80660.0,80650.0,80650.0,120,11170,CU2509,1
2025-09-12 10:07:00,80650.0,80670.0,80650.0,80670.0,15,11160,CU2509,1
2025-09-12 10:08:00,80670.0,80670.0,80670.0,80670.0,10,11145,CU2509,1
2025-09-12 10:09:00,80670.0,80680.0,80670.0,80680.0,25,11140,CU2509,1
2025-09-12 10:10:00,80680.0,80680.0,80680.0,80680.0,0,11140,CU2509,1
2025-09-12 10:11:00,80680.0,80700.0,80680.0,80700.0,40,11110,CU2509,1
2025-09-12 10:12:00,80700.0,80700.0,80660.0,80660.0,80,11030,CU2509,1
2025-09-12 10:13:00,80660.0,80660.0,80630.0,80640.0,65,11000,CU2509,1
2025-09-12 10:14:00,80650.0,80650.0,80640.0,80650.0,70,10930,CU2509,1
2025-09-12 10:15:00,80650.0,80900.0,80650.0,80900.0,90,10845,CU2509,1
2025-09-12 10:31:00,80680.0,80900.0,80680.0,80700.0,20,10835,CU2509,1
2025-09-12 10:32:00,80700.0,80700.0,80700.0,80700.0,0,10835,CU2509,1
2025-09-12 10:33:00,80700.0,80700.0,80670.0,80670.0,5,10830,CU2509,1
2025-09-12 10:34:00,80660.0,80660.0,80660.0,80660.0,65,10790,CU2509,1
2025-09-12 10:35:00,80660.0,80690.0,80660.0,80690.0,20,10770,CU2509,1
2025-09-12 10:36:00,80700.0,80700.0,80690.0,80700.0,100,10770,CU2509,1
2025-09-12 10:37:00,80700.0,80700.0,80700.0,80700.0,0,10770,CU2509,1
2025-09-12 10:38:00,80700.0,80720.0,80700.0,80720.0,75,10700,CU2509,1
2025-09-12 10:39:00,80720.0,80720.0,80710.0,80720.0,45,10660,CU2509,1
2025-09-12 10:40:00,80730.0,80730.0,80720.0,80720.0,30,10625,CU2509,1
2025-09-12 10:41:00,80740.0,80740.0,80720.0,80740.0,25,10625,CU2509,1
2025-09-12 10:42:00,80730.0,80740.0,80730.0,80730.0,45,10580,CU2509,1
2025-09-12 10:43:00,80730.0,80740.0,80730.0,80740.0,35,10545,CU2509,1
2025-09-12 10:44:00,80740.0,80760.0,80740.0,80760.0,10,10535,CU2509,1
2025-09-12 10:45:00,80760.0,80780.0,80760.0,80780.0,20,10515,CU2509,1
2025-09-12 10:46:00,80790.0,80790.0,80780.0,80790.0,160,10360,CU2509,1
2025-09-12 10:47:00,80790.0,80790.0,80760.0,80760.0,60,10300,CU2509,1
2025-09-12 10:48:00,80760.0,80760.0,80740.0,80740.0,45,10275,CU2509,1
2025-09-12 10:49:00,80740.0,80740.0,80730.0,80740.0,55,10255,CU2509,1
2025-09-12 10:50:00,80740.0,80750.0,80740.0,80750.0,10,10245,CU2509,1
2025-09-12 10:51:00,80750.0,80780.0,80750.0,80780.0,35,10210,CU2509,1
2025-09-12 10:52:00,80780.0,80780.0,80760.0,80760.0,20,10195,CU2509,1
2025-09-12 10:53:00,80760.0,80770.0,80750.0,80770.0,110,10085,CU2509,1
2025-09-12 10:54:00,80770.0,80770.0,80750.0,80750.0,50,10070,CU2509,1
2025-09-12 10:55:00,80740.0,80740.0,80730.0,80730.0,20,10045,CU2509,1
2025-09-12 10:56:00,80730.0,80730.0,80730.0,80730.0,0,10045,CU2509,1
2025-09-12 10:57:00,80730.0,80730.0,80710.0,80720.0,85,10020,CU2509,1
2025-09-12 10:58:00,80720.0,80720.0,80680.0,80680.0,25,9995,CU2509,1
2025-09-12 10:59:00,80680.0,80680.0,80670.0,80670.0,10,9985,CU2509,1
2025-09-12 11:00:00,80680.0,80680.0,80680.0,80680.0,65,9910,CU2509,1
2025-09-12 11:01:00,80680.0,80680.0,80670.0,80670.0,25,9885,CU2509,1
2025-09-12 11:02:00,80670.0,80680.0,80670.0,80680.0,60,9835,CU2509,1
2025-09-12 11:03:00,80680.0,80680.0,80680.0,80680.0,10,9825,CU2509,1
2025-09-12 11:04:00,80680.0,80690.0,80680.0,80690.0,30,9785,CU2509,1
2025-09-12 11:05:00,80690.0,80690.0,80670.0,80670.0,165,9645,CU2509,1
2025-09-12 11:06:00,80660.0,80670.0,80660.0,80660.0,30,9615,CU2509,1
2025-09-12 11:07:00,80670.0,80670.0,80660.0,80670.0,55,9560,CU2509,1
2025-09-12 11:08:00,80670.0,80670.0,80670.0,80670.0,0,9560,CU2509,1
2025-09-12 11:09:00,80680.0,80700.0,80680.0,80700.0,85,9470,CU2509,1
2025-09-12 11:10:00,80700.0,80700.0,80700.0,80700.0,0,9470,CU2509,1
2025-09-12 11:11:00,80700.0,80700.0,80700.0,80700.0,0,9470,CU2509,1
2025-09-12 11:12:00,80700.0,80700.0,80700.0,80700.0,25,9445,CU2509,1
2025-09-12 11:13:00,80700.0,80710.0,80700.0,80710.0,10,9440,CU2509,1
2025-09-12 11:15:00,80710.0,80710.0,80710.0,80710.0,0,9440,CU2509,1
2025-09-12 11:16:00,80710.0,80710.0,80700.0,80700.0,10,9440,CU2509,1
2025-09-12 11:17:00,80700.0,80720.0,80700.0,80720.0,30,9410,CU2509,1
2025-09-12 11:18:00,80720.0,80720.0,80710.0,80720.0,45,9365,CU2509,1
2025-09-12 11:19:00,80720.0,80720.0,80710.0,80710.0,5,9365,CU2509,1
2025-09-12 11:20:00,80710.0,80710.0,80710.0,80710.0,0,9365,CU2509,1
2025-09-12 11:21:00,80710.0,80710.0,80700.0,80700.0,30,9335,CU2509,1
2025-09-12 11:22:00,80700.0,80720.0,80700.0,80720.0,45,9300,CU2509,1
2025-09-12 11:23:00,80720.0,80720.0,80720.0,80720.0,5,9295,CU2509,1
2025-09-12 11:24:00,80720.0,80720.0,80700.0,80700.0,5,9290,CU2509,1
2025-09-12 11:25:00,80700.0,80700.0,80700.0,80700.0,5,9280,CU2509,1
2025-09-12 11:26:00,80700.0,80700.0,80700.0,80700.0,10,9270,CU2509,1
2025-09-12 11:27:00,80700.0,80700.0,80680.0,80680.0,15,9255,CU2509,1
2025-09-12 11:28:00,80680.0,80680.0,80680.0,80680.0,0,9255,CU2509,1
2025-09-12 11:29:00,80680.0,80680.0,80680.0,80680.0,0,9255,CU2509,1
2025-09-12 11:30:00,80680.0,80710.0,80680.0,80710.0,10,9245,CU2509,1
2025-09-12 13:31:00,80710.0,80780.0,80710.0,80730.0,90,9180,CU2509,1
2025-09-12 13:32:00,80730.0,80760.0,80730.0,80760.0,20,9165,CU2509,1
2025-09-12 13:33:00,80760.0,80770.0,80750.0,80760.0,60,9105,CU2509,1
2025-09-12 13:34:00,80760.0,80760.0,80710.0,80710.0,15,9090,CU2509,1
2025-09-12 13:35:00,80710.0,80720.0,80710.0,80720.0,110,8990,CU2509,1
2025-09-12 13:36:00,80720.0,80740.0,80720.0,80730.0,10,8985,CU2509,1
2025-09-12 13:37:00,80730.0,80750.0,80730.0,80750.0,65,8935,CU2509,1
2025-09-12 13:38:00,80750.0,80770.0,80750.0,80770.0,20,8915,CU2509,1
2025-09-12 13:39:00,80770.0,80770.0,80760.0,80760.0,60,8865,CU2509,1
2025-09-12 13:40:00,80760.0,80780.0,80760.0,80780.0,5,8865,CU2509,1
2025-09-12 13:41:00,80780.0,80800.0,80780.0,80800.0,145,8850,CU2509,1
2025-09-12 13:42:00,80800.0,80810.0,80800.0,80800.0,45,8805,CU2509,1
2025-09-12 13:43:00,80800.0,80820.0,80800.0,80820.0,5,8800,CU2509,1
2025-09-12 13:44:00,80820.0,80820.0,80820.0,80820.0,0,8800,CU2509,1
2025-09-12 13:45:00,80820.0,80820.0,80800.0,80800.0,20,8780,CU2509,1
2025-09-12 13:46:00,80800.0,80800.0,80800.0,80800.0,5,8775,CU2509,1
2025-09-12 13:47:00,80800.0,80820.0,80800.0,80820.0,325,9070,CU2509,1
2025-09-12 13:48:00,80820.0,80860.0,80820.0,80860.0,40,9030,CU2509,1
2025-09-12 13:49:00,80860.0,80860.0,80840.0,80840.0,25,9015,CU2509,1
2025-09-12 13:50:00,80840.0,80840.0,80840.0,80840.0,5,9010,CU2509,1
2025-09-12 13:51:00,80840.0,80840.0,80840.0,80840.0,0,9010,CU2509,1
2025-09-12 13:52:00,80840.0,80890.0,80840.0,80890.0,80,8930,CU2509,1
2025-09-12 13:53:00,80890.0,80930.0,80890.0,80930.0,40,8890,CU2509,1
2025-09-12 13:54:00,80930.0,80930.0,80920.0,80920.0,5,8885,CU2509,1
2025-09-12 13:55:00,80920.0,80920.0,80870.0,80870.0,10,8875,CU2509,1
2025-09-12 13:56:00,80870.0,80870.0,80840.0,80840.0,35,8840,CU2509,1
2025-09-12 13:57:00,80840.0,80840.0,80840.0,80840.0,0,8840,CU2509,1
2025-09-12 13:58:00,80840.0,80860.0,80840.0,80850.0,10,8835,CU2509,1
2025-09-12 13:59:00,80850.0,80850.0,80850.0,80850.0,20,8815,CU2509,1
2025-09-12 14:00:00,80850.0,80850.0,80840.0,80840.0,20,8785,CU2509,1
2025-09-12 14:01:00,80830.0,80830.0,80830.0,80830.0,0,8785,CU2509,1
2025-09-12 14:02:00,80830.0,80840.0,80830.0,80830.0,25,8760,CU2509,1
2025-09-12 14:03:00,80830.0,80830.0,80820.0,80820.0,10,8760,CU2509,1
2025-09-12 14:04:00,80820.0,80860.0,80820.0,80860.0,110,8650,CU2509,1
2025-09-12 14:05:00,80860.0,80880.0,80860.0,80860.0,25,8630,CU2509,1
2025-09-12 14:06:00,80840.0,80860.0,80840.0,80840.0,15,8615,CU2509,1
2025-09-12 14:07:00,80840.0,80840.0,80840.0,80840.0,0,8615,CU2509,1
2025-09-12 14:08:00,80840.0,80850.0,80840.0,80850.0,10,8620,CU2509,1
2025-09-12 14:09:00,80850.0,80850.0,80830.0,80830.0,5,8615,CU2509,1
2025-09-12 14:10:00,80830.0,80830.0,80810.0,80810.0,35,8580,CU2509,1
2025-09-12 14:11:00,80810.0,80810.0,80810.0,80810.0,0,8580,CU2509,1
2025-09-12 14:12:00,80810.0,80820.0,80810.0,80820.0,15,8565,CU2509,1
2025-09-12 14:13:00,80820.0,80860.0,80820.0,80860.0,35,8565,CU2509,1
2025-09-12 14:14:00,80860.0,80880.0,80860.0,80880.0,10,8555,CU2509,1
2025-09-12 14:15:00,80880.0,80880.0,80880.0,80880.0,0,8555,CU2509,1
2025-09-12 14:16:00,80900.0,80950.0,80860.0,80860.0,35,8530,CU2509,1
2025-09-12 14:17:00,80860.0,80920.0,80860.0,80920.0,5,8525,CU2509,1
2025-09-12 14:18:00,80950.0,80950.0,80920.0,80950.0,40,8520,CU2509,1
2025-09-12 14:19:00,80950.0,80970.0,80950.0,80970.0,80,8440,CU2509,1
2025-09-12 14:20:00,80970.0,80990.0,80970.0,80990.0,25,8415,CU2509,1
2025-09-12 14:21:00,80990.0,80990.0,80990.0,80990.0,0,8415,CU2509,1
2025-09-12 14:22:00,80990.0,80990.0,80960.0,80960.0,10,8405,CU2509,1
2025-09-12 14:23:00,80960.0,81000.0,80960.0,81000.0,55,8380,CU2509,1
2025-09-12 14:24:00,81000.0,81000.0,81000.0,81000.0,0,8380,CU2509,1
2025-09-12 14:25:00,81000.0,81000.0,81000.0,81000.0,0,8380,CU2509,1
2025-09-12 14:26:00,81000.0,81050.0,81000.0,81020.0,20,8365,CU2509,1
2025-09-12 14:27:00,81020.0,81030.0,81020.0,81030.0,5,8360,CU2509,1
2025-09-12 14:28:00,81020.0,81020.0,81020.0,81020.0,10,8345,CU2509,1
2025-09-12 14:29:00,81020.0,81020.0,81020.0,81020.0,0,8345,CU2509,1
2025-09-12 14:30:00,81020.0,81020.0,81020.0,81020.0,0,8345,CU2509,1
2025-09-12 14:31:00,81020.0,81020.0,81020.0,81020.0,10,8335,CU2509,1
2025-09-12 14:32:00,81020.0,81020.0,81010.0,81010.0,20,8340,CU2509,1
2025-09-12 14:33:00,81010.0,81010.0,81010.0,81010.0,0,8340,CU2509,1
2025-09-12 14:34:00,81010.0,81010.0,81010.0,81010.0,0,8340,CU2509,1
2025-09-12 14:35:00,81010.0,81120.0,81010.0,81120.0,35,8325,CU2509,1
2025-09-12 14:36:00,81120.0,81120.0,81100.0,81100.0,15,8310,CU2509,1
2025-09-12 14:37:00,81100.0,81100.0,81100.0,81100.0,10,8310,CU2509,1
2025-09-12 14:38:00,81100.0,81100.0,81070.0,81070.0,10,8300,CU2509,1
2025-09-12 14:39:00,81070.0,81070.0,81050.0,81050.0,15,8295,CU2509,1
2025-09-12 14:40:00,81050.0,81050.0,81040.0,81040.0,15,8275,CU2509,1
2025-09-12 14:41:00,81040.0,81100.0,81040.0,81100.0,10,8265,CU2509,1
2025-09-12 14:42:00,81100.0,81100.0,81100.0,81100.0,0,8265,CU2509,1
2025-09-12 14:43:00,81100.0,81100.0,81070.0,81070.0,45,8220,CU2509,1
2025-09-12 14:44:00,81070.0,81070.0,81070.0,81070.0,5,8215,CU2509,1
2025-09-12 14:45:00,81070.0,81080.0,81030.0,81030.0,35,8180,CU2509,1
2025-09-12 14:46:00,81030.0,81030.0,81020.0,81020.0,15,8165,CU2509,1
2025-09-12 14:47:00,81020.0,81090.0,81020.0,81090.0,20,8145,CU2509,1
2025-09-12 14:48:00,81090.0,81110.0,81080.0,81110.0,15,8130,CU2509,1
2025-09-12 14:49:00,81110.0,81110.0,81110.0,81110.0,0,8130,CU2509,1
2025-09-12 14:50:00,81110.0,81110.0,81110.0,81110.0,0,8130,CU2509,1
2025-09-12 14:51:00,81110.0,81140.0,81110.0,81140.0,15,8115,CU2509,1
2025-09-12 14:52:00,81140.0,81160.0,81140.0,81160.0,55,8110,CU2509,1
2025-09-12 14:53:00,81160.0,81180.0,81160.0,81180.0,35,8095,CU2509,1
2025-09-12 14:54:00,81180.0,81200.0,81180.0,81200.0,35,8060,CU2509,1
2025-09-12 14:55:00,81200.0,81200.0,81110.0,81110.0,50,8010,CU2509,1
2025-09-12 14:56:00,81110.0,81140.0,81110.0,81110.0,35,7980,CU2509,1
2025-09-12 14:57:00,81110.0,81110.0,81100.0,81110.0,135,7945,CU2509,1
2025-09-12 14:58:00,81110.0,81110.0,81110.0,81110.0,0,7945,CU2509,1
2025-09-12 14:59:00,81110.0,81110.0,81110.0,81110.0,0,7945,CU2509,1
2025-09-12 15:00:00,81360.0,81360.0,81360.0,81360.0,0,7945,CU2509,1
2025-09-12 21:01:00,81050.0,81050.0,81050.0,81050.0,20,7925,CU2509,1
2025-09-12 21:02:00,81050.0,81050.0,81050.0,81050.0,0,7925,CU2509,1
2025-09-12 21:03:00,80800.0,81050.0,80800.0,80800.0,50,7875,CU2509,1
2025-09-12 21:04:00,80800.0,80810.0,80800.0,80810.0,30,7845,CU2509,1
2025-09-12 21:05:00,80810.0,80820.0,80810.0,80820.0,20,7825,CU2509,1
2025-09-12 21:06:00,80820.0,80830.0,80810.0,80810.0,15,7810,CU2509,1
2025-09-12 21:07:00,80810.0,80820.0,80800.0,80820.0,60,7745,CU2509,1
2025-09-12 21:08:00,80820.0,80820.0,80800.0,80800.0,30,7715,CU2509,1
2025-09-12 21:09:00,80800.0,80800.0,80800.0,80800.0,0,7715,CU2509,1
2025-09-12 21:10:00,80800.0,80800.0,80800.0,80800.0,0,7715,CU2509,1
2025-09-12 21:11:00,80800.0,80820.0,80800.0,80820.0,50,7665,CU2509,1
2025-09-12 21:12:00,80820.0,80820.0,80820.0,80820.0,75,7590,CU2509,1
2025-09-12 21:13:00,80820.0,80820.0,80820.0,80820.0,0,7590,CU2509,1
2025-09-12 21:14:00,80820.0,80850.0,80820.0,80850.0,5,7585,CU2509,1
2025-09-12 21:15:00,80850.0,80870.0,80850.0,80870.0,40,7545,CU2509,1
2025-09-12 21:16:00,80870.0,80870.0,80850.0,80850.0,35,7505,CU2509,1
2025-09-12 21:17:00,80850.0,80850.0,80850.0,80850.0,0,7505,CU2509,1
2025-09-12 21:18:00,80830.0,80830.0,80830.0,80830.0,20,7480,CU2509,1
2025-09-12 21:19:00,80830.0,80830.0,80830.0,80830.0,0,7480,CU2509,1
2025-09-12 21:20:00,80830.0,80830.0,80830.0,80830.0,0,7480,CU2509,1
2025-09-12 21:21:00,80830.0,80830.0,80830.0,80830.0,0,7480,CU2509,1
2025-09-12 21:22:00,80830.0,80830.0,80830.0,80830.0,0,7480,CU2509,1
2025-09-12 21:23:00,80830.0,80830.0,80830.0,80830.0,0,7480,CU2509,1
2025-09-12 21:24:00,80820.0,80820.0,80820.0,80820.0,15,7465,CU2509,1
2025-09-12 21:25:00,80820.0,80820.0,80820.0,80820.0,0,7465,CU2509,1
2025-09-12 21:26:00,80820.0,80820.0,80820.0,80820.0,0,7465,CU2509,1
2025-09-12 21:27:00,80890.0,80890.0,80820.0,80890.0,10,7455,CU2509,1
2025-09-12 21:28:00,80890.0,80890.0,80890.0,80890.0,0,7455,CU2509,1
2025-09-12 21:29:00,80890.0,80890.0,80890.0,80890.0,0,7455,CU2509,1
2025-09-12 21:30:00,80890.0,80890.0,80890.0,80890.0,0,7455,CU2509,1
2025-09-12 21:31:00,80890.0,80890.0,80840.0,80840.0,10,7445,CU2509,1
2025-09-12 21:32:00,80840.0,80840.0,80840.0,80840.0,0,7445,CU2509,1
2025-09-12 21:33:00,80840.0,80840.0,80840.0,80840.0,0,7445,CU2509,1
2025-09-12 21:34:00,80840.0,80840.0,80840.0,80840.0,0,7445,CU2509,1
2025-09-12 21:35:00,80840.0,80840.0,80840.0,80840.0,0,7445,CU2509,1
2025-09-12 21:36:00,80840.0,80840.0,80800.0,80800.0,110,7340,CU2509,1
2025-09-12 21:37:00,80870.0,80870.0,80800.0,80870.0,15,7355,CU2509,1
2025-09-12 21:38:00,80870.0,80870.0,80870.0,80870.0,0,7355,CU2509,1
2025-09-12 21:39:00,80870.0,80870.0,80870.0,80870.0,0,7355,CU2509,1
2025-09-12 21:40:00,80870.0,80870.0,80870.0,80870.0,0,7355,CU2509,1
2025-09-12 21:41:00,80870.0,80870.0,80870.0,80870.0,5,7350,CU2509,1
2025-09-12 21:42:00,80870.0,80870.0,80870.0,80870.0,0,7350,CU2509,1
2025-09-12 21:43:00,80870.0,80870.0,80870.0,80870.0,0,7350,CU2509,1
2025-09-12 21:44:00,80850.0,80870.0,80850.0,80850.0,15,7345,CU2509,1
2025-09-12 21:45:00,80850.0,80850.0,80850.0,80850.0,0,7345,CU2509,1
2025-09-12 21:46:00,80850.0,80850.0,80850.0,80850.0,0,7345,CU2509,1
2025-09-12 21:47:00,80850.0,80850.0,80850.0,80850.0,0,7345,CU2509,1
2025-09-12 21:48:00,80850.0,80850.0,80850.0,80850.0,0,7345,CU2509,1
2025-09-12 21:49:00,80850.0,80850.0,80850.0,80850.0,0,7345,CU2509,1
2025-09-12 21:50:00,80850.0,80850.0,80850.0,80850.0,0,7345,CU2509,1
2025-09-12 21:51:00,80850.0,80850.0,80850.0,80850.0,0,7345,CU2509,1
2025-09-12 21:52:00,80880.0,80880.0,80850.0,80880.0,5,7340,CU2509,1
2025-09-12 21:53:00,80880.0,80880.0,80880.0,80880.0,0,7340,CU2509,1
2025-09-12 21:54:00,80900.0,80900.0,80880.0,80900.0,15,7340,CU2509,1
2025-09-12 21:55:00,80900.0,80900.0,80900.0,80900.0,0,7340,CU2509,1
2025-09-12 21:56:00,80900.0,80900.0,80900.0,80900.0,0,7340,CU2509,1
2025-09-12 21:57:00,80900.0,80900.0,80900.0,80900.0,0,7340,CU2509,1
2025-09-12 21:58:00,80900.0,80900.0,80900.0,80900.0,0,7340,CU2509,1
2025-09-12 21:59:00,80940.0,80960.0,80940.0,80960.0,10,7325,CU2509,1
2025-09-12 22:00:00,80960.0,80960.0,80960.0,80960.0,10,7315,CU2509,1
2025-09-12 22:01:00,80960.0,80960.0,80960.0,80960.0,0,7315,CU2509,1
2025-09-12 22:02:00,80980.0,80990.0,80980.0,80990.0,20,7295,CU2509,1
2025-09-12 22:03:00,80970.0,80990.0,80970.0,80990.0,10,7285,CU2509,1
2025-09-12 22:04:00,80990.0,80990.0,80990.0,80990.0,0,7285,CU2509,1
2025-09-12 22:05:00,80990.0,80990.0,80990.0,80990.0,0,7285,CU2509,1
2025-09-12 22:06:00,80990.0,81000.0,80990.0,81000.0,10,7275,CU2509,1
2025-09-12 22:07:00,81000.0,81000.0,81000.0,81000.0,0,7275,CU2509,1
2025-09-12 22:08:00,81000.0,81040.0,81000.0,81040.0,10,7265,CU2509,1
2025-09-12 22:09:00,81040.0,81040.0,81040.0,81040.0,0,7265,CU2509,1
2025-09-12 22:10:00,81040.0,81050.0,81040.0,81050.0,20,7245,CU2509,1
2025-09-12 22:11:00,81080.0,81090.0,81050.0,81090.0,15,7230,CU2509,1
2025-09-12 22:12:00,81090.0,81090.0,81080.0,81080.0,25,7205,CU2509,1
2025-09-12 22:13:00,81080.0,81080.0,81080.0,81080.0,0,7205,CU2509,1
2025-09-12 22:14:00,81080.0,81080.0,81050.0,81050.0,5,7200,CU2509,1
2025-09-12 22:15:00,81050.0,81050.0,81010.0,81010.0,25,7175,CU2509,1
2025-09-12 22:16:00,81010.0,81010.0,81010.0,81010.0,0,7175,CU2509,1
2025-09-12 22:17:00,81010.0,81010.0,81010.0,81010.0,0,7175,CU2509,1
2025-09-12 22:18:00,81010.0,81020.0,81010.0,81020.0,15,7160,CU2509,1
2025-09-12 22:19:00,81020.0,81020.0,81020.0,81020.0,0,7160,CU2509,1
2025-09-12 22:20:00,81010.0,81020.0,81010.0,81010.0,15,7145,CU2509,1
2025-09-12 22:21:00,81010.0,81010.0,81010.0,81010.0,0,7145,CU2509,1
2025-09-12 22:22:00,81010.0,81010.0,81010.0,81010.0,5,7140,CU2509,1
2025-09-12 22:23:00,81020.0,81030.0,81020.0,81030.0,15,7120,CU2509,1
2025-09-12 22:24:00,81030.0,81030.0,81010.0,81010.0,5,7115,CU2509,1
2025-09-12 22:25:00,81010.0,81020.0,81010.0,81020.0,5,7110,CU2509,1
2025-09-12 22:26:00,81020.0,81020.0,81020.0,81020.0,0,7110,CU2509,1
2025-09-12 22:27:00,81020.0,81020.0,81020.0,81020.0,0,7110,CU2509,1
2025-09-12 22:28:00,81020.0,81020.0,81020.0,81020.0,0,7110,CU2509,1
2025-09-12 22:29:00,81020.0,81020.0,81020.0,81020.0,0,7110,CU2509,1
2025-09-12 22:30:00,81020.0,81020.0,81020.0,81020.0,0,7110,CU2509,1
2025-09-12 22:31:00,81020.0,81020.0,81020.0,81020.0,0,7110,CU2509,1
2025-09-12 22:32:00,81020.0,81020.0,81020.0,81020.0,0,7110,CU2509,1
2025-09-12 22:33:00,81000.0,81020.0,81000.0,81000.0,15,7095,CU2509,1
2025-09-12 22:34:00,81000.0,81000.0,81000.0,81000.0,20,7075,CU2509,1
2025-09-12 22:35:00,81000.0,81020.0,81000.0,81020.0,5,7070,CU2509,1
2025-09-12 22:36:00,81020.0,81020.0,81000.0,81000.0,70,7000,CU2509,1
2025-09-12 22:37:00,81000.0,81000.0,81000.0,81000.0,5,6995,CU2509,1
2025-09-12 22:38:00,81000.0,81000.0,81000.0,81000.0,0,6995,CU2509,1
2025-09-12 22:39:00,81000.0,81000.0,81000.0,81000.0,0,6995,CU2509,1
2025-09-12 22:40:00,81000.0,81000.0,81000.0,81000.0,0,6995,CU2509,1
2025-09-12 22:41:00,81000.0,81000.0,81000.0,81000.0,0,6995,CU2509,1
2025-09-12 22:42:00,81000.0,81000.0,81000.0,81000.0,0,6995,CU2509,1
2025-09-12 22:43:00,81000.0,81000.0,81000.0,81000.0,0,6995,CU2509,1
2025-09-12 22:44:00,81000.0,81000.0,81000.0,81000.0,0,6995,CU2509,1
2025-09-12 22:45:00,81000.0,81000.0,81000.0,81000.0,0,6995,CU2509,1
2025-09-12 22:46:00,81000.0,81000.0,81000.0,81000.0,0,6995,CU2509,1
2025-09-12 22:47:00,81000.0,81000.0,81000.0,81000.0,0,6995,CU2509,1
2025-09-12 22:48:00,81000.0,81000.0,81000.0,81000.0,0,6995,CU2509,1
2025-09-12 22:49:00,81000.0,81000.0,81000.0,81000.0,0,6995,CU2509,1
2025-09-12 22:50:00,80940.0,80940.0,80940.0,80940.0,5,6990,CU2509,1
2025-09-12 22:51:00,80940.0,80940.0,80900.0,80900.0,10,6990,CU2509,1
2025-09-12 22:52:00,80900.0,80900.0,80900.0,80900.0,0,6990,CU2509,1
2025-09-12 22:53:00,80900.0,80900.0,80870.0,80870.0,105,6885,CU2509,1
2025-09-12 22:54:00,80860.0,80870.0,80860.0,80860.0,65,6820,CU2509,1
2025-09-12 22:55:00,80860.0,80860.0,80860.0,80860.0,30,6785,CU2509,1
2025-09-12 22:56:00,80860.0,80860.0,80860.0,80860.0,0,6785,CU2509,1
2025-09-12 22:57:00,80860.0,80860.0,80850.0,80850.0,45,6740,CU2509,1
2025-09-12 22:58:00,80850.0,80850.0,80840.0,80840.0,55,6680,CU2509,1
2025-09-12 22:59:00,80840.0,80840.0,80840.0,80840.0,0,6680,CU2509,1
2025-09-12 23:00:00,80840.0,80840.0,80830.0,80830.0,5,6675,CU2509,1
2025-09-12 23:01:00,80830.0,80830.0,80830.0,80830.0,0,6675,CU2509,1
2025-09-12 23:02:00,80830.0,80830.0,80830.0,80830.0,0,6675,CU2509,1
2025-09-12 23:03:00,80830.0,80830.0,80830.0,80830.0,0,6675,CU2509,1
2025-09-12 23:04:00,80880.0,80880.0,80830.0,80880.0,45,6630,CU2509,1
2025-09-12 23:05:00,80880.0,80880.0,80880.0,80880.0,0,6630,CU2509,1
2025-09-12 23:06:00,80880.0,80880.0,80880.0,80880.0,0,6630,CU2509,1
2025-09-12 23:07:00,80880.0,80880.0,80880.0,80880.0,0,6630,CU2509,1
2025-09-12 23:08:00,80880.0,80880.0,80880.0,80880.0,0,6630,CU2509,1
2025-09-12 23:09:00,80880.0,80880.0,80880.0,80880.0,0,6630,CU2509,1
2025-09-12 23:10:00,80880.0,80880.0,80880.0,80880.0,0,6630,CU2509,1
2025-09-12 23:11:00,80880.0,80880.0,80880.0,80880.0,0,6630,CU2509,1
2025-09-12 23:12:00,80880.0,80880.0,80880.0,80880.0,0,6630,CU2509,1
2025-09-12 23:13:00,80880.0,80880.0,80880.0,80880.0,0,6630,CU2509,1
2025-09-12 23:14:00,80880.0,80880.0,80880.0,80880.0,0,6630,CU2509,1
2025-09-12 23:15:00,80880.0,80880.0,80880.0,80880.0,0,6630,CU2509,1
2025-09-12 23:16:00,80880.0,80880.0,80880.0,80880.0,0,6630,CU2509,1
2025-09-12 23:17:00,80880.0,80880.0,80880.0,80880.0,0,6630,CU2509,1
2025-09-12 23:18:00,80880.0,80880.0,80880.0,80880.0,0,6630,CU2509,1
2025-09-12 23:19:00,80880.0,80880.0,80880.0,80880.0,0,6630,CU2509,1
2025-09-12 23:20:00,80880.0,80880.0,80880.0,80880.0,0,6630,CU2509,1
2025-09-12 23:21:00,80880.0,80880.0,80880.0,80880.0,0,6630,CU2509,1
2025-09-12 23:22:00,80880.0,80880.0,80880.0,80880.0,0,6630,CU2509,1
2025-09-12 23:23:00,80880.0,80880.0,80880.0,80880.0,0,6630,CU2509,1
2025-09-12 23:24:00,80880.0,80880.0,80880.0,80880.0,0,6630,CU2509,1
2025-09-12 23:25:00,80880.0,80880.0,80880.0,80880.0,0,6630,CU2509,1
2025-09-12 23:26:00,80810.0,80880.0,80810.0,80810.0,20,6610,CU2509,1
2025-09-12 23:27:00,80810.0,80810.0,80810.0,80810.0,0,6610,CU2509,1
2025-09-12 23:28:00,80810.0,80810.0,80810.0,80810.0,0,6610,CU2509,1
2025-09-12 23:29:00,80810.0,80810.0,80810.0,80810.0,0,6610,CU2509,1
2025-09-12 23:30:00,80810.0,80810.0,80810.0,80810.0,0,6610,CU2509,1
2025-09-12 23:34:00,80810.0,80810.0,80810.0,80810.0,0,6610,CU2509,1
2025-09-12 23:35:00,80810.0,80810.0,80810.0,80810.0,0,6610,CU2509,1
2025-09-12 23:36:00,80810.0,80810.0,80810.0,80810.0,0,6610,CU2509,1
2025-09-12 23:37:00,80810.0,80810.0,80810.0,80810.0,0,6610,CU2509,1
2025-09-12 23:38:00,80810.0,80810.0,80810.0,80810.0,0,6610,CU2509,1
2025-09-12 23:39:00,80810.0,80810.0,80810.0,80810.0,0,6610,CU2509,1
2025-09-12 23:40:00,80810.0,80810.0,80810.0,80810.0,0,6610,CU2509,1
2025-09-12 23:41:00,80810.0,80810.0,80810.0,80810.0,0,6610,CU2509,1
2025-09-12 23:42:00,80810.0,80810.0,80810.0,80810.0,0,6610,CU2509,1
2025-09-12 23:43:00,80810.0,80810.0,80810.0,80810.0,0,6610,CU2509,1
2025-09-12 23:44:00,80810.0,80810.0,80810.0,80810.0,0,6610,CU2509,1
2025-09-12 23:45:00,80810.0,80810.0,80810.0,80810.0,0,6610,CU2509,1
2025-09-12 23:46:00,80810.0,80810.0,80810.0,80810.0,0,6610,CU2509,1
2025-09-12 23:47:00,80810.0,80810.0,80810.0,80810.0,0,6610,CU2509,1
2025-09-12 23:48:00,80810.0,80810.0,80810.0,80810.0,0,6610,CU2509,1
2025-09-12 23:49:00,80820.0,80820.0,80810.0,80820.0,5,6605,CU2509,1
2025-09-12 23:50:00,80830.0,80830.0,80820.0,80830.0,5,6600,CU2509,1
2025-09-12 23:51:00,80830.0,80830.0,80830.0,80830.0,0,6600,CU2509,1
2025-09-12 23:54:00,80830.0,80830.0,80830.0,80830.0,0,6600,CU2509,1
2025-09-13 00:05:00,80830.0,80830.0,80830.0,80830.0,0,6600,CU2509,1
2025-09-13 00:09:00,80830.0,80830.0,80830.0,80830.0,0,6600,CU2509,1
2025-09-13 00:11:00,80810.0,80810.0,80810.0,80810.0,5,6595,CU2509,1
2025-09-13 00:13:00,80810.0,80810.0,80800.0,80800.0,5,6590,CU2509,1
2025-09-13 00:28:00,80800.0,80800.0,80800.0,80800.0,0,6590,CU2509,1
2025-09-13 00:32:00,80800.0,80800.0,80800.0,80800.0,0,6590,CU2509,1
2025-09-13 00:36:00,80800.0,80800.0,80800.0,80800.0,0,6590,CU2509,1
2025-09-13 00:41:00,80800.0,80800.0,80800.0,80800.0,0,6590,CU2509,1
2025-09-13 00:43:00,80800.0,80800.0,80800.0,80800.0,0,6590,CU2509,1
2025-09-13 00:50:00,80800.0,80800.0,80800.0,80800.0,0,6590,CU2509,1
2025-09-13 00:57:00,80810.0,80810.0,80810.0,80810.0,5,6585,CU2509,1
2025-09-13 00:59:00,80810.0,80810.0,80810.0,80810.0,0,6585,CU2509,1
2025-09-13 01:00:00,80810.0,80810.0,80810.0,80810.0,0,6585,CU2509,1
2025-09-15 00:00:00,80830.0,80830.0,80800.0,80810.0,15,6585,CU2509,1
2025-09-15 09:01:00,80810.0,80810.0,80760.0,80760.0,10,6575,CU2509,1
2025-09-15 09:02:00,80780.0,80780.0,80770.0,80770.0,5,6565,CU2509,1
2025-09-15 09:03:00,80770.0,80800.0,80770.0,80800.0,5,6560,CU2509,1
2025-09-15 09:04:00,80820.0,80830.0,80800.0,80830.0,50,6510,CU2509,1
2025-09-15 09:05:00,80830.0,80830.0,80830.0,80830.0,10,6505,CU2509,1
2025-09-15 09:06:00,80830.0,80830.0,80830.0,80830.0,0,6505,CU2509,1
2025-09-15 09:07:00,80830.0,80830.0,80810.0,80810.0,30,6480,CU2509,1
2025-09-15 09:08:00,80810.0,80810.0,80750.0,80750.0,30,6455,CU2509,1
2025-09-15 09:09:00,80750.0,80750.0,80700.0,80730.0,60,6395,CU2509,1
2025-09-15 09:10:00,80720.0,80720.0,80700.0,80700.0,50,6345,CU2509,1
2025-09-15 09:11:00,80700.0,80700.0,80700.0,80700.0,0,6345,CU2509,1
2025-09-15 09:12:00,80700.0,80740.0,80700.0,80740.0,10,6335,CU2509,1
2025-09-15 09:13:00,80740.0,80740.0,80740.0,80740.0,0,6335,CU2509,1
2025-09-15 09:14:00,80740.0,80740.0,80740.0,80740.0,0,6335,CU2509,1
2025-09-15 09:15:00,80740.0,80740.0,80740.0,80740.0,10,6325,CU2509,1
2025-09-15 09:16:00,80740.0,80750.0,80740.0,80750.0,5,6325,CU2509,1
2025-09-15 09:17:00,80740.0,80740.0,80730.0,80730.0,15,6305,CU2509,1
2025-09-15 09:18:00,80730.0,80730.0,80710.0,80710.0,10,6295,CU2509,1
2025-09-15 09:19:00,80710.0,80710.0,80710.0,80710.0,0,6295,CU2509,1
2025-09-15 09:20:00,80710.0,80730.0,80710.0,80730.0,35,6260,CU2509,1
2025-09-15 09:21:00,80730.0,80730.0,80730.0,80730.0,0,6260,CU2509,1
2025-09-15 09:22:00,80730.0,80740.0,80730.0,80740.0,15,6260,CU2509,1
2025-09-15 09:23:00,80740.0,80740.0,80740.0,80740.0,0,6260,CU2509,1
2025-09-15 09:24:00,80730.0,80740.0,80730.0,80730.0,10,6260,CU2509,1
2025-09-15 09:25:00,80730.0,80730.0,80710.0,80710.0,90,6200,CU2509,1
2025-09-15 09:26:00,80710.0,80710.0,80700.0,80700.0,25,6200,CU2509,1
2025-09-15 09:27:00,80690.0,80690.0,80650.0,80650.0,35,6190,CU2509,1
2025-09-15 09:28:00,80650.0,80650.0,80650.0,80650.0,0,6190,CU2509,1
2025-09-15 09:29:00,80650.0,80670.0,80650.0,80670.0,5,6185,CU2509,1
2025-09-15 09:30:00,80670.0,80670.0,80670.0,80670.0,0,6185,CU2509,1
2025-09-15 09:31:00,80670.0,80740.0,80670.0,80740.0,15,6170,CU2509,1
2025-09-15 09:32:00,80700.0,80740.0,80700.0,80700.0,5,6170,CU2509,1
2025-09-15 09:33:00,80700.0,80730.0,80700.0,80730.0,5,6165,CU2509,1
2025-09-15 09:34:00,80730.0,80730.0,80730.0,80730.0,0,6165,CU2509,1
2025-09-15 09:35:00,80730.0,80730.0,80730.0,80730.0,0,6165,CU2509,1
2025-09-15 09:36:00,80730.0,80730.0,80730.0,80730.0,0,6165,CU2509,1
2025-09-15 09:37:00,80730.0,80750.0,80730.0,80730.0,25,6150,CU2509,1
2025-09-15 09:38:00,80730.0,80770.0,80730.0,80770.0,10,6140,CU2509,1
2025-09-15 09:39:00,80770.0,80770.0,80770.0,80770.0,10,6130,CU2509,1
2025-09-15 09:40:00,80770.0,80790.0,80770.0,80790.0,5,6125,CU2509,1
2025-09-15 09:41:00,80790.0,80790.0,80790.0,80790.0,0,6125,CU2509,1
2025-09-15 09:42:00,80790.0,80790.0,80790.0,80790.0,15,6110,CU2509,1
2025-09-15 09:43:00,80790.0,80800.0,80790.0,80790.0,70,6050,CU2509,1
2025-09-15 09:44:00,80790.0,80790.0,80760.0,80760.0,5,6045,CU2509,1
2025-09-15 09:45:00,80770.0,80770.0,80760.0,80770.0,5,6040,CU2509,1
2025-09-15 09:46:00,80770.0,80770.0,80740.0,80750.0,85,5955,CU2509,1
2025-09-15 09:47:00,80750.0,80760.0,80750.0,80760.0,45,5905,CU2509,1
2025-09-15 09:48:00,80760.0,80780.0,80760.0,80780.0,65,5840,CU2509,1
2025-09-15 09:49:00,80790.0,80790.0,80790.0,80790.0,0,5835,CU2509,1
2025-09-15 09:50:00,80760.0,80760.0,80750.0,80750.0,20,5810,CU2509,1
2025-09-15 09:51:00,80750.0,80750.0,80750.0,80750.0,0,5810,CU2509,1
2025-09-15 09:52:00,80770.0,80770.0,80750.0,80770.0,5,5800,CU2509,1
2025-09-15 09:53:00,80770.0,80770.0,80760.0,80760.0,5,5795,CU2509,1
2025-09-15 09:54:00,80760.0,80760.0,80760.0,80760.0,0,5795,CU2509,1
2025-09-15 09:55:00,80760.0,80770.0,80760.0,80770.0,5,5790,CU2509,1
2025-09-15 09:56:00,80770.0,80770.0,80770.0,80770.0,0,5790,CU2509,1
2025-09-15 09:57:00,80770.0,80770.0,80770.0,80770.0,0,5790,CU2509,1
2025-09-15 09:58:00,80770.0,80770.0,80770.0,80770.0,0,5790,CU2509,1
2025-09-15 09:59:00,80770.0,80820.0,80770.0,80820.0,30,5760,CU2509,1
2025-09-15 10:00:00,80820.0,80820.0,80800.0,80800.0,10,5750,CU2509,1
2025-09-15 10:01:00,80800.0,80800.0,80800.0,80800.0,0,5750,CU2509,1
2025-09-15 10:02:00,80800.0,80800.0,80800.0,80800.0,0,5750,CU2509,1
2025-09-15 10:03:00,80800.0,80810.0,80770.0,80770.0,20,5730,CU2509,1
2025-09-15 10:04:00,80760.0,80760.0,80760.0,80760.0,30,5710,CU2509,1
2025-09-15 10:05:00,80760.0,80780.0,80760.0,80780.0,5,5705,CU2509,1
2025-09-15 10:06:00,80780.0,80800.0,80780.0,80800.0,10,5695,CU2509,1
2025-09-15 10:07:00,80800.0,80820.0,80800.0,80820.0,20,5695,CU2509,1
2025-09-15 10:08:00,80800.0,80800.0,80800.0,80800.0,15,5685,CU2509,1
2025-09-15 10:09:00,80800.0,80800.0,80800.0,80800.0,10,5685,CU2509,1
2025-09-15 10:11:00,80800.0,80850.0,80800.0,80850.0,50,5640,CU2509,1
2025-09-15 10:12:00,80850.0,80910.0,80850.0,80910.0,20,5620,CU2509,1
2025-09-15 10:13:00,80910.0,80910.0,80830.0,80830.0,10,5610,CU2509,1
2025-09-15 10:14:00,80830.0,80840.0,80830.0,80840.0,5,5610,CU2509,1
2025-09-15 10:15:00,80840.0,80900.0,80840.0,80900.0,10,5600,CU2509,1
2025-09-15 10:32:00,80900.0,80960.0,80900.0,80960.0,30,5575,CU2509,1
2025-09-15 10:33:00,80960.0,80960.0,80960.0,80960.0,20,5550,CU2509,1
2025-09-15 10:34:00,80960.0,80960.0,80960.0,80960.0,0,5550,CU2509,1
2025-09-15 10:35:00,80960.0,80960.0,80950.0,80950.0,50,5550,CU2509,1
2025-09-15 10:36:00,80950.0,81000.0,80950.0,81000.0,70,5480,CU2509,1
2025-09-15 10:37:00,81000.0,81000.0,80990.0,80990.0,5,5465,CU2509,1
2025-09-15 10:38:00,80990.0,80990.0,80960.0,80960.0,15,5450,CU2509,1
2025-09-15 10:39:00,80960.0,80960.0,80960.0,80960.0,0,5450,CU2509,1
2025-09-15 10:40:00,80960.0,80970.0,80940.0,80970.0,25,5435,CU2509,1
2025-09-15 10:41:00,80970.0,80970.0,80970.0,80970.0,0,5435,CU2509,1
2025-09-15 10:42:00,80970.0,80970.0,80950.0,80950.0,5,5435,CU2509,1
2025-09-15 10:43:00,80950.0,80980.0,80950.0,80980.0,10,5425,CU2509,1
2025-09-15 10:44:00,80970.0,80970.0,80970.0,80970.0,10,5415,CU2509,1
2025-09-15 10:45:00,80980.0,80980.0,80980.0,80980.0,5,5410,CU2509,1
2025-09-15 10:46:00,80980.0,81000.0,80980.0,81000.0,25,5400,CU2509,1
2025-09-15 10:47:00,81000.0,81000.0,80980.0,80980.0,5,5395,CU2509,1
2025-09-15 10:48:00,80980.0,80980.0,80980.0,80980.0,0,5395,CU2509,1
2025-09-15 10:49:00,80980.0,80980.0,80950.0,80950.0,15,5380,CU2509,1
2025-09-15 10:50:00,80950.0,80960.0,80940.0,80940.0,40,5365,CU2509,1
2025-09-15 10:51:00,80940.0,80940.0,80940.0,80940.0,10,5365,CU2509,1
2025-09-15 10:52:00,80940.0,80970.0,80940.0,80970.0,15,5360,CU2509,1
2025-09-15 10:53:00,80970.0,80970.0,80970.0,80970.0,0,5360,CU2509,1
2025-09-15 10:54:00,80970.0,80970.0,80970.0,80970.0,0,5360,CU2509,1
2025-09-15 10:55:00,80970.0,80970.0,80940.0,80940.0,20,5340,CU2509,1
2025-09-15 10:56:00,80940.0,80940.0,80930.0,80930.0,15,5315,CU2509,1
2025-09-15 10:57:00,80920.0,80920.0,80920.0,80920.0,30,5285,CU2509,1
2025-09-15 10:58:00,80920.0,80920.0,80920.0,80920.0,0,5285,CU2509,1
2025-09-15 10:59:00,80920.0,80920.0,80920.0,80920.0,5,5280,CU2509,1
2025-09-15 11:01:00,80920.0,80920.0,80920.0,80920.0,0,5280,CU2509,1
2025-09-15 11:02:00,80980.0,80980.0,80980.0,80980.0,0,5280,CU2509,1
2025-09-15 11:03:00,80980.0,80980.0,80950.0,80950.0,5,5275,CU2509,1
2025-09-15 11:04:00,80950.0,80980.0,80950.0,80980.0,5,5270,CU2509,1
2025-09-15 11:05:00,80980.0,80980.0,80980.0,80980.0,5,5265,CU2509,1
2025-09-15 11:06:00,80980.0,80980.0,80980.0,80980.0,0,5265,CU2509,1
2025-09-15 11:07:00,80980.0,80980.0,80980.0,80980.0,0,5265,CU2509,1
2025-09-15 11:08:00,80980.0,80980.0,80980.0,80980.0,0,5265,CU2509,1
2025-09-15 11:09:00,80980.0,80980.0,80980.0,80980.0,0,5265,CU2509,1
2025-09-15 11:11:00,80980.0,80980.0,80980.0,80980.0,0,5265,CU2509,1
2025-09-15 11:12:00,80980.0,80980.0,80940.0,80940.0,5,5260,CU2509,1
2025-09-15 11:13:00,80940.0,80940.0,80940.0,80940.0,0,5260,CU2509,1
2025-09-15 11:14:00,80940.0,80970.0,80940.0,80970.0,20,5230,CU2509,1
2025-09-15 11:15:00,80970.0,80990.0,80970.0,80990.0,5,5230,CU2509,1
2025-09-15 11:16:00,80950.0,80980.0,80950.0,80960.0,10,5210,CU2509,1
2025-09-15 11:17:00,80960.0,80960.0,80950.0,80950.0,20,5190,CU2509,1
2025-09-15 11:18:00,80950.0,80950.0,80950.0,80950.0,0,5190,CU2509,1
2025-09-15 11:19:00,80950.0,80960.0,80950.0,80960.0,10,5180,CU2509,1
2025-09-15 11:20:00,80960.0,80960.0,80960.0,80960.0,10,5170,CU2509,1
2025-09-15 11:21:00,80960.0,80980.0,80960.0,80980.0,10,5160,CU2509,1
2025-09-15 11:22:00,80980.0,80980.0,80970.0,80970.0,20,5140,CU2509,1
2025-09-15 11:23:00,80970.0,80970.0,80960.0,80960.0,10,5130,CU2509,1
2025-09-15 11:24:00,80960.0,80970.0,80960.0,80960.0,80,5050,CU2509,1
2025-09-15 11:25:00,80960.0,80960.0,80950.0,80950.0,10,5020,CU2509,1
2025-09-15 11:26:00,80950.0,80970.0,80940.0,80940.0,35,4975,CU2509,1
2025-09-15 11:27:00,80940.0,80940.0,80940.0,80940.0,20,4955,CU2509,1
2025-09-15 11:28:00,80940.0,80950.0,80930.0,80930.0,25,4930,CU2509,1
2025-09-15 11:29:00,80930.0,80930.0,80920.0,80920.0,10,4925,CU2509,1
2025-09-15 11:30:00,80920.0,80920.0,80920.0,80920.0,0,4925,CU2509,1
2025-09-15 13:31:00,80920.0,80920.0,80900.0,80900.0,45,4890,CU2509,1
2025-09-15 13:32:00,80900.0,80900.0,80900.0,80900.0,0,4890,CU2509,1
2025-09-15 13:33:00,80900.0,80900.0,80870.0,80880.0,5,4875,CU2509,1
2025-09-15 13:34:00,80870.0,80870.0,80860.0,80860.0,15,4840,CU2509,1
2025-09-15 13:35:00,80860.0,80880.0,80860.0,80880.0,5,4825,CU2509,1
2025-09-15 13:36:00,80880.0,80900.0,80880.0,80900.0,5,4790,CU2509,1
2025-09-15 13:37:00,80900.0,80900.0,80900.0,80900.0,10,4780,CU2509,1
2025-09-15 13:38:00,80900.0,80920.0,80890.0,80920.0,35,4725,CU2509,1
2025-09-15 13:39:00,80880.0,80880.0,80870.0,80870.0,10,4690,CU2509,1
2025-09-15 13:40:00,80870.0,80870.0,80860.0,80860.0,25,4655,CU2509,1
2025-09-15 13:41:00,80860.0,80880.0,80860.0,80880.0,25,4625,CU2509,1
2025-09-15 13:43:00,80880.0,80880.0,80850.0,80850.0,10,4615,CU2509,1
2025-09-15 13:44:00,80850.0,80870.0,80850.0,80870.0,5,4610,CU2509,1
2025-09-15 13:45:00,80860.0,80860.0,80860.0,80860.0,25,4610,CU2509,1
2025-09-15 13:46:00,80890.0,80900.0,80890.0,80900.0,5,4595,CU2509,1
2025-09-15 13:49:00,80900.0,81050.0,80900.0,81050.0,5,4595,CU2509,1
2025-09-15 13:50:00,81040.0,81040.0,81030.0,81030.0,5,4590,CU2509,1
2025-09-15 13:51:00,81030.0,81030.0,80950.0,80960.0,40,4550,CU2509,1
2025-09-15 13:52:00,80960.0,81000.0,80950.0,81000.0,50,4530,CU2509,1
2025-09-15 13:53:00,81000.0,81000.0,80970.0,80970.0,20,4510,CU2509,1
2025-09-15 13:54:00,80980.0,81000.0,80960.0,81000.0,25,4475,CU2509,1
2025-09-15 13:55:00,81000.0,81030.0,81000.0,81030.0,30,4445,CU2509,1
2025-09-15 13:56:00,81030.0,81030.0,81030.0,81030.0,0,4445,CU2509,1
2025-09-15 13:57:00,81030.0,81030.0,80980.0,80980.0,5,4440,CU2509,1
2025-09-15 13:58:00,80980.0,80980.0,80970.0,80970.0,5,4435,CU2509,1
2025-09-15 13:59:00,80970.0,80970.0,80970.0,80970.0,5,4430,CU2509,1
2025-09-15 14:01:00,80970.0,80970.0,80950.0,80950.0,30,4400,CU2509,1
2025-09-15 14:02:00,80950.0,80950.0,80930.0,80930.0,25,4375,CU2509,1
2025-09-15 14:03:00,80900.0,80900.0,80900.0,80900.0,5,4375,CU2509,1
2025-09-15 14:04:00,80900.0,80900.0,80880.0,80880.0,5,4370,CU2509,1
2025-09-15 14:07:00,80880.0,80920.0,80880.0,80920.0,10,4365,CU2509,1
2025-09-15 14:08:00,80930.0,80930.0,80930.0,80930.0,0,4360,CU2509,1
2025-09-15 14:09:00,80930.0,80930.0,80930.0,80930.0,10,4350,CU2509,1
2025-09-15 14:11:00,80930.0,80930.0,80930.0,80930.0,0,4350,CU2509,1
2025-09-15 14:13:00,80930.0,80930.0,80890.0,80890.0,5,4345,CU2509,1
2025-09-15 14:14:00,80880.0,80880.0,80880.0,80880.0,10,4330,CU2509,1
2025-09-15 14:15:00,80860.0,80860.0,80860.0,80860.0,10,4320,CU2509,1
2025-09-15 14:16:00,80860.0,80870.0,80860.0,80870.0,40,4280,CU2509,1
2025-09-15 14:17:00,80870.0,80870.0,80870.0,80870.0,0,4280,CU2509,1
2025-09-15 14:18:00,80870.0,80870.0,80870.0,80870.0,0,4280,CU2509,1
2025-09-15 14:22:00,80870.0,80870.0,80850.0,80850.0,10,4270,CU2509,1
2025-09-15 14:23:00,80850.0,80850.0,80850.0,80850.0,0,4270,CU2509,1
2025-09-15 14:24:00,80870.0,80870.0,80870.0,80870.0,0,4260,CU2509,1
2025-09-15 14:30:00,80870.0,80870.0,80870.0,80870.0,0,4260,CU2509,1
2025-09-15 14:32:00,80870.0,80870.0,80870.0,80870.0,0,4260,CU2509,1
2025-09-15 14:34:00,80870.0,80920.0,80850.0,80850.0,10,4250,CU2509,1
2025-09-15 14:35:00,80850.0,80920.0,80850.0,80920.0,80,4170,CU2509,1
2025-09-15 14:36:00,80920.0,80920.0,80920.0,80920.0,0,4170,CU2509,1
2025-09-15 14:37:00,80920.0,80950.0,80920.0,80950.0,25,4145,CU2509,1
2025-09-15 14:41:00,80950.0,80950.0,80950.0,80950.0,0,4145,CU2509,1
2025-09-15 14:42:00,80950.0,80950.0,80950.0,80950.0,0,4145,CU2509,1
2025-09-15 14:43:00,80950.0,80950.0,80950.0,80950.0,20,4125,CU2509,1
2025-09-15 14:44:00,80950.0,80950.0,80950.0,80950.0,25,4100,CU2509,1
2025-09-15 14:45:00,80950.0,80950.0,80950.0,80950.0,0,4100,CU2509,1
2025-09-15 14:46:00,80950.0,80950.0,80950.0,80950.0,0,4100,CU2509,1
2025-09-15 14:47:00,80950.0,80950.0,80950.0,80950.0,0,4100,CU2509,1
2025-09-15 14:48:00,80950.0,80950.0,80950.0,80950.0,0,4100,CU2509,1
2025-09-15 14:49:00,80950.0,81050.0,80950.0,81050.0,5,4095,CU2509,1
2025-09-15 14:50:00,81050.0,81050.0,81050.0,81050.0,0,4095,CU2509,1
2025-09-15 14:51:00,81050.0,81050.0,81050.0,81050.0,0,4095,CU2509,1
2025-09-15 14:52:00,81050.0,81050.0,81050.0,81050.0,0,4095,CU2509,1
2025-09-15 14:53:00,81050.0,81050.0,81050.0,81050.0,0,4095,CU2509,1
2025-09-15 14:54:00,81050.0,81050.0,81000.0,81000.0,5,4090,CU2509,1
2025-09-15 14:55:00,81000.0,81000.0,81000.0,81000.0,0,4090,CU2509,1
2025-09-15 14:57:00,81000.0,81000.0,81000.0,81000.0,0,4090,CU2509,1
2025-09-15 14:59:00,81000.0,81000.0,81000.0,81000.0,0,4090,CU2509,1
2025-09-15 15:00:00,81000.0,81000.0,81000.0,81000.0,0,4090,CU2509,1
